-- MySQL dump 10.13  Distrib 8.0.36, for macos14 (arm64)
--
-- Host: 127.0.0.1    Database: gl_chn_worksheets
-- ------------------------------------------------------
-- Server version	8.0.37

/*!40101 SET @OLD_CHARACTER_SET_CLIENT=@@CHARACTER_SET_CLIENT */;
/*!40101 SET @OLD_CHARACTER_SET_RESULTS=@@CHARACTER_SET_RESULTS */;
/*!40101 SET @OLD_COLLATION_CONNECTION=@@COLLATION_CONNECTION */;
/*!50503 SET NAMES utf8 */;
/*!40103 SET @OLD_TIME_ZONE=@@TIME_ZONE */;
/*!40103 SET TIME_ZONE='+00:00' */;
/*!40014 SET @OLD_UNIQUE_CHECKS=@@UNIQUE_CHECKS, UNIQUE_CHECKS=0 */;
/*!40014 SET @OLD_FOREIGN_KEY_CHECKS=@@FOREIGN_KEY_CHECKS, FOREIGN_KEY_CHECKS=0 */;
/*!40101 SET @OLD_SQL_MODE=@@SQL_MODE, SQL_MODE='NO_AUTO_VALUE_ON_ZERO' */;
/*!40111 SET @OLD_SQL_NOTES=@@SQL_NOTES, SQL_NOTES=0 */;

--
-- Table structure for table `characters`
--

DROP TABLE IF EXISTS `characters`;
/*!40101 SET @saved_cs_client     = @@character_set_client */;
/*!50503 SET character_set_client = utf8mb4 */;
CREATE TABLE `characters` (
  `id` int NOT NULL AUTO_INCREMENT,
  `s_hanzi` varchar(1) NOT NULL,
  `t_hanzi` varchar(1) NOT NULL,
  `pinyin` varchar(6) NOT NULL,
  `is_ambiguous` int NOT NULL DEFAULT '0',
  `introduced_in_lesson` int NOT NULL,
  PRIMARY KEY (`id`),
  KEY `id_idx` (`introduced_in_lesson`),
  CONSTRAINT `fk_hanzi_lessons` FOREIGN KEY (`introduced_in_lesson`) REFERENCES `lessons` (`id`)
) ENGINE=InnoDB AUTO_INCREMENT=181 DEFAULT CHARSET=utf8mb4 COLLATE=utf8mb4_0900_ai_ci;
/*!40101 SET character_set_client = @saved_cs_client */;

--
-- Dumping data for table `characters`
--

LOCK TABLES `characters` WRITE;
/*!40000 ALTER TABLE `characters` DISABLE KEYS */;
INSERT INTO `characters` VALUES (1,'好','好','hǎo',0,1),(2,'我','我','wǒ',0,1),(3,'你','你','nǐ',0,1),(4,'他','他','tā',1,1),(5,'她','她','tā',1,1),(6,'叫','叫','jiào',0,1),(7,'呢','呢','ne',0,1),(8,'认','認','rèn',0,1),(9,'识','識','shì',1,1),(10,'再','再','zài',0,1),(11,'见','見','jiàn',0,1),(12,'什','什','shén',0,1),(13,'么','麼','me',0,1),(14,'名','名','míng',1,1),(15,'字','字','zì',0,1),(16,'很','很','hěn',0,1),(17,'高','高','gāo',0,1),(18,'兴','興','xìng',1,1),(19,'王','王','wàng',0,1),(20,'明','明','míng',1,1),(21,'早','早','zǎo',0,2),(22,'上','上','shàng',0,2),(23,'晚','晚','wǎn',0,2),(24,'对','對','duì',0,2),(25,'不','不','bù',1,2),(26,'起','起','qǐ',0,2),(27,'没','沒','méi',0,2),(28,'关','關','guān',0,2),(29,'系','係','xì',0,2),(30,'谢','謝','xiè',0,2),(31,'客','客','kè',1,2),(32,'气','氣','qì',0,2),(33,'吗','嗎','ma',0,2),(34,'姓','姓','xìng',1,2),(35,'李','李','lǐ',0,2),(36,'华','華','huá',0,2),(37,'玲','玲','líng',1,2),(38,'张','張','zhàng',0,2),(39,'小','小','xiǎo',0,2),(40,'红','紅','hóng',0,2),(41,'要','要','yào',0,3),(42,'米','米','mǐ',0,3),(43,'饭','飯','fàn',0,3),(44,'喜','喜','xǐ',0,3),(45,'欢','歡','huān',0,3),(46,'茶','茶','chá',0,3),(47,'豆','豆','dòu',0,3),(48,'腐','腐','fǔ',0,3),(49,'水','水','shuǐ',0,3),(50,'粥','粥','zhōu',1,3),(51,'汤','湯','tāng',0,3),(52,'咖','咖','kā',0,3),(53,'啡','啡','fēi',0,3),(54,'热','熱','rè',0,3),(55,'冰','冰','bīng',0,3),(56,'这','這','zhè',0,3),(57,'是','是','shì',1,3),(58,'那','那','nà',0,3),(59,'的','的','de',0,3),(60,'和','和','hé',0,3),(61,'国','國','guó',0,4),(62,'中','中','zhōng',0,4),(63,'美','美','měi',0,4),(64,'法','法','fǎ',0,4),(65,'英','英','yīng',0,4),(66,'德','德','dé',0,4),(67,'泰','泰','tài',0,4),(68,'韩','韓','hán',0,4),(69,'意','意','yì',0,4),(70,'大','大','dà',0,4),(71,'利','利','lì',1,4),(72,'澳','澳','ào',0,4),(73,'亚','亞','yà',0,4),(74,'人','人','rén',0,4),(75,'嗨','嗨','hāi',0,4),(76,'马','馬','mǎ',1,4),(77,'克','克','kè',0,4),(78,'凯','凱','kǎi',0,4),(79,'文','文','wén',0,4),(80,'卢','盧','lú',0,4),(81,'学','學','xué',0,5),(82,'生','生','shēng',0,5),(83,'医','醫','yī',1,5),(84,'老','老','lǎo',0,5),(85,'律','律','lǜ',0,5),(86,'厨','廚','chú',0,5),(87,'师','師','shī',0,5),(88,'画','畫','huà',0,5),(89,'家','家','jiā',1,5),(90,'说','説','shuō',0,5),(91,'服','服','fú',0,5),(92,'务','務','wù',0,5),(93,'员','員','yuán',0,5),(94,'牙','牙','yá',0,5),(95,'汉','漢','hàn',1,5),(96,'语','語','yǔ',0,5),(97,'日','日','rì',0,5),(98,'本','本','běn',0,5),(99,'加','加','jiā',1,5),(100,'拿','拿','ná',0,5),(101,'跑','跑','pǎo',0,6),(102,'步','步','bù',1,6),(103,'上','上','shàng',0,6),(104,'网','網','wǎng',0,6),(105,'唱','唱','chàng',0,6),(106,'歌','歌','gē',1,6),(107,'吃','吃','chī',0,6),(108,'喝','喝','hē',0,6),(109,'数','數','shù',0,6),(110,'课','課','kè',1,6),(111,'音','音','yīn',0,6),(112,'乐','樂','yuè',0,6),(113,'习','習','xí',0,6),(114,'菜','菜','cài',0,6),(115,'堡','堡','bǎo',0,6),(116,'包','包','bāo',0,6),(117,'西','西','xī',0,6),(118,'班','班','bān',0,6),(119,'跳','跳','tiào',0,6),(120,'舞','舞','wǔ',0,6),(121,'馆','館','guǎn',0,7),(122,'去','去','qù',0,7),(123,'书','書','shū',0,7),(124,'店','店','diàn',0,7),(125,'超','超','chāo',0,7),(126,'场','場','chǎng',0,7),(127,'市','市','shì',1,7),(128,'常','常','cháng',0,7),(129,'州','州','zhōu',1,7),(130,'买','買','mǎi',0,7),(131,'零','零','líng',1,7),(132,'食','食','shí',0,7),(133,'看','看','kàn',0,7),(134,'品','品','pǐn',0,7),(135,'听','聽','tīng',0,7),(136,'朋','朋','péng',0,7),(137,'友','友','yǒu',0,7),(138,'玛','瑪','mǎ',1,7),(139,'丽','麗','lì',1,7),(140,'雅','雅','yǎ',0,7),(141,'公','公','gōng',0,8),(142,'婆','婆','pó',0,8),(143,'妈','媽','mā',0,8),(144,'爸','爸','bà',0,8),(145,'真','真','zhēn',0,8),(146,'旅','旅','lǚ',0,8),(147,'行','行','xíng',0,8),(148,'女','女','nǚ',0,8),(149,'儿','兒','ér',0,8),(150,'子','子','zi',0,8),(151,'也','也','yě',0,8),(152,'哥','哥','gē',1,8),(153,'姐','姐','jiě',0,8),(154,'弟','弟','dì',0,8),(155,'妹','妹','mèi',0,8),(156,'外','外','wài',0,8),(157,'爷','爺','yé',0,8),(158,'奶','奶','nǎi',0,8),(159,'桂','桂','guì',0,8),(160,'迪','迪','dí',0,8),(161,'产','產','chǎn',0,9),(162,'糖','糖','táng',0,9),(163,'牛','牛','niú',0,9),(164,'杯','杯','bēi',0,9),(165,'绿','綠','lǜ',0,9),(166,'哎','哎','āi',0,9),(167,'呀','呀','yā',0,9),(168,'请','請','qǐng',0,9),(169,'给','給','géi',0,9),(170,'一','一','yī',1,9),(171,'两','兩','liǎng',0,9),(172,'三','三','sān',0,9),(173,'来','來','lái',0,9),(174,'吧','吧','ba',0,9),(175,'阿','阿','ā',0,9),(176,'尔','爾','ěr',0,9),(177,'诺','諾','nuò',0,9),(178,'静','靜','jìng',0,9),(179,'约','約','yuē',0,9),(180,'翰','翰','hàn',1,9);
/*!40000 ALTER TABLE `characters` ENABLE KEYS */;
UNLOCK TABLES;

--
-- Table structure for table `fitb_questions`
--

DROP TABLE IF EXISTS `fitb_questions`;
/*!40101 SET @saved_cs_client     = @@character_set_client */;
/*!50503 SET character_set_client = utf8mb4 */;
CREATE TABLE `fitb_questions` (
  `id` int NOT NULL AUTO_INCREMENT,
  `s_question` varchar(150) NOT NULL,
  `t_question` varchar(150) NOT NULL,
  `s_answer` varchar(10) NOT NULL,
  `t_answer` varchar(10) NOT NULL,
  `lesson_id` int NOT NULL,
  PRIMARY KEY (`id`),
  KEY `fk_fitbq_lessons_idx` (`lesson_id`),
  CONSTRAINT `fk_fitbq_lessons` FOREIGN KEY (`lesson_id`) REFERENCES `lessons` (`id`)
) ENGINE=InnoDB AUTO_INCREMENT=158 DEFAULT CHARSET=utf8mb4 COLLATE=utf8mb4_0900_ai_ci;
/*!40101 SET character_set_client = @saved_cs_client */;

--
-- Dumping data for table `fitb_questions`
--

LOCK TABLES `fitb_questions` WRITE;
/*!40000 ALTER TABLE `fitb_questions` DISABLE KEYS */;
INSERT INTO `fitb_questions` VALUES (1,'A: 你叫什么_____？\nB: 我叫<strong>王明</strong>。','A: 你叫什麼_____？\nB: 我叫<strong>王明</strong>。','名字','名字',1),(2,'A: 他叫什么名字？\nB: __叫<strong>王明</strong>。','A: 他叫什麼名字？\nB: __叫<strong>王明</strong>。','他','他',1),(3,'A: 你叫什么名字？\nB: 我叫<strong>王明</strong>。\nA: _____，<strong>王明</strong>。','A: 你叫什麼名字？ \nB: 我叫<strong>王明</strong>。 \nA: _____，<strong>王明</strong>。','你好','你好',1),(4,'A: 你叫什么名字？\nB: 我叫<strong>王明</strong>。 \nA: 你好，_____。','A: 你叫什麼名字？\nB: 我叫<strong>王明</strong>。\nA: 你好，_____。','王明','王明',1),(5,'___好。','___好。','你','你',1),(6,'_____你很高兴！','_____你很高興！','认识','認識',1),(7,'我___好。','我___好。','很','很',1),(8,'A: 你叫什么名字？\nB: 我_____<strong>王明</strong>。','A: 你叫什麼名字？\nB: 我_____<strong>王明</strong>。','叫','叫',1),(9,'我_____他。','我_____他。','认识','認識',1),(10,'我叫<strong>王明</strong>，___我<strong>明</strong>。','我叫<strong>王明</strong>，___我<strong>明</strong>。','叫','叫',1),(11,'_____，我叫<strong>王明</strong>。','_____，我叫<strong>王明</strong>。','你好','你好',1),(12,'我叫<strong>王明</strong>，你___？','我叫<strong>王明</strong>，你___？','呢','呢',1),(13,'你___什么名字？','你___什麼名字？','叫','叫',1),(14,'她叫____名字？','她叫____名字？','什么','什麼',1),(15,'他叫什么_____？','他叫什麼_____？','名字','名字',1),(16,'认识你很_____！','認識你很_____！','高兴','高興',1),(17,'A: 你认识_____吗？\nB: 我认识<strong>王明</strong>。','A: 你認識_____嗎？\nB: 我認識<strong>王明</strong>。','王明','王明',1),(18,'A: 你_____<strong>王明</strong>吗？ \nB: 我认识<strong>王明</strong>。','A: 你_____<strong>王明</strong>嗎？ \nB: 我認識<strong>王明</strong>。','认识','認識',1),(19,'A: 你认识<strong>王明</strong>吗？\nB: ___认识<strong>王明</strong>。','A: 你認識<strong>王明</strong>嗎？\nB: ___認識<strong>王明</strong>。','我','我',2),(20,'A: ___好吗？\nB: 我很好。','A: __好嗎？ \nB: 我很好。','你','你',2),(21,'你___吗？','你___嗎？','好','好',2),(22,'你好____？','你好____？','吗','嗎',2),(23,'早上___。','早上___。','好','好',2),(24,'晚上___。','晚上___。','好','好',2),(25,'A: 对___起。\nB: 没关系。','A: 對___起。\nB: 没關係。','不','不',2),(26,'A: 对不起。\nB: 没_____。','A: 對不起。\nB: 没_____。','关系','關系',2),(27,'A: ______。\nB: 不客气。','A: ______。\nB: 不客氣。','谢谢','謝謝',2),(28,'A: 谢谢。\nB: ___客气。','A: 謝謝。\nB: ___客氣。','不','不',2),(29,'A: 你姓_____？\nB: 我姓<strong>李</strong>。','A: 你姓_____？\nB: 我姓<strong>李</strong>。','什么','什麼',2),(30,'我___<strong>张</strong>。','我___<strong>張</strong>。','姓','姓',2),(31,'A: 你认识________吗？\nB: 对不起，我不认识<strong>李华玲</strong>。','A: 你認識________嗎？\nB: 對不起，我不認識<strong>李華玲</strong>。','李华玲','李華玲',2),(32,'A: 你认识<strong>李华玲</strong>吗？\nB: 我______她。','A: 你認識<strong>李華玲</strong>嗎？\nB: 我______她。','认识','認識',2),(33,'A: 你认识<strong>王明</strong>吗？\nB: ___，我不认识<strong>王明</strong>。','A: 你認識<strong>王明</strong>嗎？\nB: ___，我不認識<strong>王明</strong>。','不','不',2),(34,'A: 她叫<strong>张小红</strong>吗？\nB: 对，她叫_________。','A: 她叫<strong>張小紅</strong>嗎？\nB: 對，她叫_________。','张小红','張小紅',2),(35,'A: ___叫<strong>张小红</strong>吗？\nB: 对，她叫<strong>张小红</strong>。','A: ___叫<strong>張小紅</strong>嗎？\nB: 對，她叫<strong>張小紅</strong>。','她','她',2),(36,'A: 你姓<strong>王</strong>吗？\nB: ___对，我姓<strong>李</strong>。','A: 你姓<strong>王</strong>嗎？\nB: ___對，我姓<strong>李</strong>。','不','不',2),(37,'A: 你姓<strong>王</strong>吗？\nB: 我姓<strong>李</strong>，我不姓<strong>王</strong>。\nA: ________。','A: 你姓<strong>王</strong>嗎？\nB: 我姓<strong>李</strong>，我不姓<strong>王</strong>。\nA: ________。','对不起','對不起',2),(38,'A: 你___<strong>王</strong>吗？\nB: 对，我姓<strong>王</strong>。','A: 你___<strong>王</strong>嗎？\nB: 對，我姓<strong>王</strong>。','姓','姓',2),(39,'A: 你好吗？\nB: 我很高兴，______你。','A: 你好嗎？\nB: 我很高興，______你。','谢谢','謝謝',2),(40,'A: 你好吗？\nB: 我很高兴，谢谢你。\nA: ________。','A: 你好嗎？\nB: 我很高興，謝謝你。\nA: ________。','不客气','不客氣',2),(41,'A: <strong>华玲</strong>认识<strong>小红</strong>___？\nB: 她认识<strong>小红</strong>。','A: <strong>華玲</strong認識<strong>小紅</strong>___？\nB: 她認識<strong>小紅</strong>。','吗','嗎',2),(42,'A: 认识你很高兴。\nB: ______。','A: 認識你很高興。\nB: ______。','谢谢','謝謝',2),(43,'A: 你____什么？\nB: 我喜欢粥。','A: 你___什麼？\nB: 我喜歡粥。','喜欢','喜歡',3),(44,'你要_____？','你要_____？','什么','什麼',3),(45,'她___要热水。','她___要熱水。','不','不',3),(46,'A: 这是粥吗？\nB: 对，这是____。 ','A: 這是粥嗎？\nB: 對，這是____。','粥','粥',3),(47,'那___汤。','那___湯。','是','是',3),(48,'A: 那是<strong>李华玲</strong>的_____吗？\nB: 那是<strong>李华玲</strong>的咖啡。','A: 那是<strong>李華玲</strong>的_____嗎？ \nB: 那是<strong>李華玲</strong>的咖啡。','咖啡','咖啡',3),(49,'A: 这是他的豆腐吗？\nB: 那不是他的_____，那是<strong>华玲</strong>的。','A: 這是他的豆腐嗎？\nB: 那不是他的_____，那是<strong>华玲</strong>的。','豆腐','豆腐',3),(50,'<strong>王明</strong>要粥___热咖啡。','<strong>王明</strong>要粥___熱咖啡。','和','和',3),(51,'<strong>华玲</strong>___<strong>小红</strong>要冰咖啡。','<strong>華玲</strong>___<strong>小紅</strong>要冰咖啡。','和','和',3),(52,'A: <strong>王明</strong>，你要豆腐吗？ \nB: 不___，我不喜欢豆腐。','A: <strong>王明</strong>，你要豆腐嗎？\nB: 不___，我不喜歡豆腐。','要','要',3),(53,'A: 早上好，<strong>小红</strong>。你喜欢茶吗？\nB: 我喜欢___。','A: 早上好，<strong>小紅</strong>。你喜歡茶嗎？ \nB: 我喜歡___。 ','茶','茶',3),(54,'这是我___水。','這是我___水。','的','的',3),(55,'嗨，我叫<strong>马克</strong>，我是_______人。??','嗨，我叫<strong>馬克</strong>，我是_______人。??','意大利','意大利',4),(56,'A: 你好，我是泰国人，你呢？\nB: 我是_____人。??','A: 你好，我是泰國人，你呢？\nB: 我是_____人。??','德国','德國',4),(57,'<strong>凯文</strong>是_____人，你呢？??','<strong>凯文</strong>是_____人，你呢？??','美国','美國',4),(58,'这是_____。??','這是_____。??','韩国','韓國',4),(59,'那是___________，这是意大利。??','那是___________，這是意大利。??','澳大利亚','澳大利亞',4),(60,'<strong>王大中</strong>不是韩国人，他是_____人。??','<strong>王大中</strong>不是韓國人，他是_____人。??','中国','中國',4),(61,'A: 她叫什么名字？\nB: 她叫<strong>卢</strong>，她是_____人。??','A: 她叫什麼名字？\nB:  她叫<strong>盧</strong>，她是_____人。??','法国','法國',4),(62,'你是_____人吗？??','你是_____人嗎？??','英国','英國',4),(63,'我认识她，她是_____人。??','我認識她，她是_____人。??','泰国','泰國',4),(64,'你是服务员，___不对？','你是服務員，___不對？','对','對',5),(65,'她是泰___老师。??','她是泰___老師。??','文','文',5),(66,'他是德文老师，他说德___。','他是德文老師，他說德___。','语','語',5),(67,'他是大______。 ?‍?','他是大______。 ?‍?','学生','學生',5),(68,'A: 你是小学生，对不对？\nB: 不，我是中______。','A: 你是小學生，對不對？\nB: 不，我是中______。','学生','學生',5),(69,'A: 你是不是医生？\nB: 我不是医生，我是______。?','A: 你是不是醫生？\nB: 我不是醫生，我是______。?','中医','中醫',5),(70,'A: <strong>王明</strong>是律师吗？\nB: 他是_____，不是律师。?‍?','A: <strong>王明</strong>是律師吗？\nB: 他是_____，不是律師。?‍?','老师','老師',5),(71,'A: <strong>李华玲</strong>是医生吗？\nB: 她不是医生，她是_____。?','A: <strong>李華玲</strong>是醫生吗？\nB: 她不是醫生，她是_____。?','牙医','牙醫',5),(72,'A: 你认识<strong>小红</strong>吗？\nB: 我认识她，她是_____。??‍?','A: 你認識<strong>小紅</strong>嗎？\nB: 我認識她，她是_____。??‍?','画家','畫家',5),(73,'A: <strong>马克</strong>，你是律师吗？\nB: 对，我是_____。','A: <strong>馬克</strong>，你是律師嗎？\nB: 對，我是_____。','律师','律師',5),(74,'A: <strong>凯文</strong>是服务员吗？\nB: 不，凯文是______。?‍?','A: <strong>凱文</strong>是服務員吗？\nB: 不，凱文是______。?‍?','厨师','廚師',5),(75,'A: <strong>卢</strong>是医生。\nB: 对，我是_____。?‍⚕️','A: <strong>盧</strong>是醫生。\nB: 對，我是_____。?‍⚕️','医生','醫生',5),(76,'我是大学生，她是画家，<strong>王大中</strong>是_______。?','我是大學生，她是華家，<strong>王大中</strong>是_______。?','服务员','服務員',5),(77,'A: 你是不是老师？\nB: 我是日___老师。[Use Mainland variant.]','A: 你是不是老師？\nB: 我是日___老師。[Use Mainland variant.]','语','語',5),(78,'我要_____汉语。[Use formal term.]','我要_____中文。[Use formal term.]','学习','學習',6),(79,'A: 你上网学习数学吗？\nB: 我上___学习数学。','A: 你上網學習数學吗？\nB: 我上___學習数學。','网','網',6),(80,'A: 他上网学习音乐，对不对？\nB: 不对，他不上网上_____课。','A: 他上網學習音乐，對不對？\nB: 不對，他不上網上_____課。','音乐','音樂',6),(81,'A: 你要吃什么？\nB: 我要吃日本___。','A: 你要吃什麼？\nB: 我要吃日本___。','菜','菜',6),(82,'A: <strong>明</strong>喜欢___什么？\nB: <strong>明</strong>喜欢吃西班牙菜。','A: <strong>明</strong>喜歡___什麼？\nB: <strong>明</strong>喜歡吃西班牙菜。','吃','吃',6),(83,'A: <strong>卢克</strong>要喝什么？\nB: 他要___冰咖啡。','A: <strong>盧克</strong>要喝什麼？\nB: 他要___冰咖啡。','喝','喝',6),(84,'她喜欢_____和跳舞。?','她喜欢_____和跳舞。?','唱歌','唱歌',6),(85,'<strong>李华玲</strong>要_____。??‍♀️','<strong>李華玲</strong>要_____。??‍♀️','跑步','跑步',6),(86,'<strong>卢</strong>喜欢______课。?','<strong>盧</strong>喜欢______課。?','数学','數學',6),(87,'A: <strong>马克</strong>喜欢学习什么？\nB: 他喜欢学习________语。??','A: <strong>馬克</strong>喜歡学習什麼？\nB: 他喜歡学習________文。??','西班牙','西班牙',6),(88,'<strong>小红</strong>喜欢______。?','<strong>小红</strong>喜歡______。?','上网','上網',6),(89,'<strong>凯文</strong>喜欢______。?','<strong>凯文</strong>喜歡______。?','音乐','音樂',6),(90,'<strong>卢克</strong>要吃_______。?','<strong>盧克</strong>要吃_______。?','汉堡包、汉堡 ','漢堡包、漢堡',6),(91,'A: 你吃什么？\nB: 我___米饭。','A: 你吃什麼？\nB: 我___米飯。','吃','吃',6),(92,'A: 你___什么？\nB: 我喝热茶。','A: 你___什麼？\nB: 我喝熱茶。','喝','喝',6),(93,'A: 你学什么___？\nB: 我学英语和音乐。','A: 你學什麼___？\nB: 我學英文和音樂。','课','課',6),(94,'A: 她上什么___？\nB: 她上数学课和法语课。','A: 她上什麼___？\nB: 她上數学課和法文課。','课','課',6),(110,'我不常___音乐。','我不常___音樂。','听','聽',7),(111,'我常常看___。','我常常看___。','书','書',7),(112,'她_____看书。她喜欢看英文书。','她_____看書。她喜欢看英文書。','常常','常常',7),(113,'早！你喜欢___书吗？','早！你喜欢___書吗？','看','看',7),(114,'<strong>王明</strong>常常去_____买书。','<strong>王明</strong>常常去_____買書。','书店','書店',7),(115,'他不常去书店___书。','他不常去書店___書。','买','買',7),(116,'<strong>李华玲</strong>喜欢去书店买___。','<strong>李華玲</strong>喜歡去書店買___。','书','書',7),(117,'<strong>马克</strong>和<strong>小红</strong>___饭店吃早饭。','<strong>馬克</strong>和<strong>小紅</strong>___饭店吃早飯。','去','去',7),(118,'<strong>卢克</strong>常常去________买咖啡。','<strong>盧克</strong>常常去________買咖啡。','咖啡店','咖啡店',7),(119,'他叫<strong>凯文</strong>，他是我的_____。','他叫<strong>凱文</strong>，他是我的_____。','朋友','朋友',7),(120,'<strong>玛丽</strong>和<strong>玛雅</strong>要去_____喝茶。','<strong>瑪麗</strong>和<strong>瑪雅</strong>要去_____喝茶。','茶馆','茶館',7),(121,'<strong>卢</strong>不常去______超市买中国菜。','<strong>盧</strong>不常去______超市買中國菜。','亚洲','亞洲',7),(122,'<strong>玛雅</strong>喜欢去亚洲_____买泰国和韩国零食。','<strong>玛雅</strong>喜欢去亞洲_____买泰國和韓國零食。','超市','超市',7),(123,'A: 朋友，你要买什么？\nB: 我要___澳大利亚食品，谢谢。','A: 朋友，你要买什麼？\nB: 我要___澳大利亞食品，謝謝。','买','買',7),(124,'<strong>王大中</strong>要买德文___和美国菜。','<strong>王大中</strong>要買德文___和美國菜。','书','書',7),(125,'他常常去法文_____买书。','他常常去法文_____買書。','书店','書店',7),(126,'她喜欢汤。我___喜欢汤。','她喜欢湯。我___喜欢湯。','也','也',8),(127,'___的吗？我也喜欢旅行。','___的嗎？我也喜欢旅行。','真','真',8),(128,'真的吗？我___喜欢去市场。','真的嗎？我___喜欢去市場。','也','也',8),(129,'A: 他叫<strong>王大中</strong>。他是我的哥哥。\nB: 真的吗？\nA: ___的。','A: 他叫<strong>王大中</strong>。他是我的哥哥。\nB: 真的嗎？\nA: ___的。','真','真',8),(130,'A: <strong>张小红</strong>是他的妹妹。\nB: 真的吗？\nA: 是___的。','A: <strong>張小紅</strong>是他的妹妹。\nB: 真的嗎？\nA: 是___的。','真','真',8),(131,'爸爸、妈妈、哥哥是我的_____。','爸爸、媽媽、哥哥是我的_____。','家人','家人',8),(132,'他是<strong>明</strong>的爸爸。我儿子叫<strong>明</strong>。<strong>明</strong>的爸爸是我_____。','他是<strong>明</strong>的爸爸。我兒子叫<strong>明</strong>。<strong>明</strong>的爸爸是我_____。','老公','老公',8),(133,'他叫<strong>马克</strong>。这是<strong>马克</strong>的妈妈。她的_____叫<strong>马克</strong>。','他叫<strong>馬克</strong>。這是<strong>馬克</strong>的媽媽。她的_____叫<strong>馬克</strong>。','儿子','兒子',8),(134,'她叫<strong>卢</strong>。这是<strong>卢</strong>的爸爸。他的_____叫<strong>卢</strong>。','她叫<strong>盧</strong>。這是<strong>盧</strong>的爸爸。他的_____叫<strong>盧</strong>。','女儿','女兒',8),(135,'她是<strong>华玲</strong>的妈妈。我女儿叫<strong>华玲</strong>。<strong>华玲</strong>的妈妈是我_____。','她是<strong>華玲</strong>的媽媽。我女兒叫<strong>華玲</strong>。<strong>華玲</strong>的媽媽是我_____。','老婆','老婆',8),(136,'A: 她是中医。她的女儿叫<strong>小红</strong>。\nB: <strong>小红</strong>的_____是中医。真的吗？','A: 她是中醫。她的女兒叫<strong>小紅</strong>。\nB: <strong>小紅</strong>的_____是中醫。真的嗎？','妈妈','媽媽',8),(137,'A: 他是音乐老师。他的儿子叫<strong>凯文</strong>。\nB: <strong>凯文</strong>的_____是音乐老师。真的吗？','A: 他是音樂老師。他的兒子叫<strong>凱文</strong>。\nB: <strong>凱文</strong>的_____是音樂老師。真的嗎？','爸爸','爸爸',8),(138,'爸爸的妈妈是_____。','爸爸的媽媽是_____。','奶奶','奶奶',8),(139,'_____是妈妈的爸爸。','_____是媽媽的爸爸。','外公','外公',8),(140,'这是我_____。他是我爸爸的爸爸。','這是我_____。他是我爸爸的爸爸。','爷爷','爺爺',8),(141,'她是我妈妈的妈妈。她是我_____。','她是我媽媽的媽媽。她是我_____。','外婆','外婆',8),(142,'她是<strong>玛丽</strong>的妹妹。<strong>玛丽</strong>是她的_____。','她是<strong>瑪麗</strong>的妹妹。<strong>瑪麗</strong>是她的_____。','姐姐','姐姐',8),(143,'A: 他是<strong>玛雅</strong>的哥哥。\nB: <strong>玛雅</strong>是他的_____。真的吗？','A: 他是<strong>瑪雅</strong>的哥哥。\nB: <strong>瑪雅</strong>是他的_____。真的嗎？','妹妹','妹妹',8),(144,'A: 他是<strong>王大中</strong>的弟弟。\nB: <strong>王大中</strong>是他的_____。真的吗？','A: 他是<strong>王大中</strong>的弟弟。\nB: <strong>王大中</strong>是他的_____。真的嗎？','哥哥','哥哥',8),(145,'她是<strong>凯文</strong>的姐姐。<strong>凯文</strong>是她的_____。','她是<strong>凱文</strong>的姐姐。<strong>凯文</strong>是她的_____。','弟弟','弟弟',8),(146,'她要___糖，谢谢。','她要___糖，謝謝。','加','加',9),(147,'请给我要___牛奶的茶。','請給我要___牛奶的茶。','加','加',9),(148,'请你去_____买茶产品。','請你去_____買茶產品。','茶店','茶店',9),(149,'<strong>王明</strong>常常去________买茶。','<strong>王明</strong>常常去________買茶。','奶茶店','奶茶店',9),(150,'___你去超市买零食，谢谢。','___你去超市買零食，謝謝。','请','請',9),(151,'<strong>李华玲</strong>，___一杯咖啡吧。谢谢。','<strong>李华玲</strong>，___一杯咖啡吧。謝謝。','来','來',9),(152,'<strong>约翰</strong>，来一杯茶___。谢谢。','<strong>約翰</strong>，來一杯茶___。謝謝。','吧','吧',9),(153,'服务员，请___我两杯小杯奶茶。','服務員，請___我兩杯小杯奶茶。','给','給',9),(154,'<strong>王大中</strong>去茶店买茶_____。','<strong>王大中</strong>去茶店買茶_____。','产品','產品',9),(155,'<strong>谢静</strong>要喝一___咖啡。','<strong>謝静</strong>要喝一___咖啡。','杯','杯',9),(156,'A: ______，他不要加牛奶！\nB: 对不起。','A: ______，他不要加牛奶！\nB: 對不起。','哎呀','哎呀',9),(157,'我要一杯___大杯绿茶，谢谢。','我要一杯___大杯綠茶，謝謝。','超','超',9);
/*!40000 ALTER TABLE `fitb_questions` ENABLE KEYS */;
UNLOCK TABLES;

--
-- Table structure for table `ics_questions`
--

DROP TABLE IF EXISTS `ics_questions`;
/*!40101 SET @saved_cs_client     = @@character_set_client */;
/*!50503 SET character_set_client = utf8mb4 */;
CREATE TABLE `ics_questions` (
  `id` int NOT NULL AUTO_INCREMENT,
  `se_question` varchar(200) NOT NULL DEFAULT 'Which of these is correct?',
  `te_question` varchar(200) NOT NULL DEFAULT 'Which of these is correct?',
  `sc_choices` varchar(500) NOT NULL,
  `sc_answer` varchar(50) NOT NULL,
  `tc_choices` varchar(500) NOT NULL,
  `tc_answer` varchar(50) NOT NULL,
  `lesson_id` int NOT NULL,
  PRIMARY KEY (`id`),
  KEY `idx_corsen_lesson_idx` (`lesson_id`),
  CONSTRAINT `idx_ics_lesson` FOREIGN KEY (`lesson_id`) REFERENCES `lessons` (`id`)
) ENGINE=InnoDB AUTO_INCREMENT=54 DEFAULT CHARSET=utf8mb4 COLLATE=utf8mb4_0900_ai_ci;
/*!40101 SET character_set_client = @saved_cs_client */;

--
-- Dumping data for table `ics_questions`
--

LOCK TABLES `ics_questions` WRITE;
/*!40000 ALTER TABLE `ics_questions` DISABLE KEYS */;
INSERT INTO `ics_questions` VALUES (1,'Which of these is correct?','Which of these is correct?','认识你很高兴。,人识你很高兴。,认是你很高兴。,认识你很高姓。','认识你很高兴。','認識你很高興。, 人識你很高興。,認是你很高興。,認識你很高兴。','認識你很高興。',4),(2,'Which one translates to “<strong>She wants rice and iced water.</strong>”?','Which one translates to “<strong>She wants rice and iced water.</strong>”?','她要米饭和冰水。,她要米饭韩冰水。,他要米饭和冰水。,他要米饭和冰是。','她要米饭和冰水。','她要米飯和冰水。,她要米飯韓冰水。,他要米饭和冰水。,他要米饭和冰是。','她要米飯和冰水。',4),(3,'When someone says “<strong>Sorry</strong>” in Chinese, what should you say?','When someone says “<strong>Sorry</strong>” in Chinese, what should you say?','不客气。,没关系。,美关系。,没关喜。','没关系。','不客氣。,沒關係。,美關係。,沒關喜。','沒關係。',4),(4,'If Wang Ming’s name is written as <strong>王明</strong>, which sentence is correct?','If Wang Ming’s name is written as <strong>王明</strong>, which sentence is correct?','我叫王明，你呢？,我叫王名，你呢？,我叫王明，你那？,叫我王明，你呢？','我叫王明，你呢？','我叫王明，你呢？,我叫王名，你呢？,我叫王明，你那？,叫我王明，你呢？','我叫王明，你呢？',4),(5,'Which of these is correct?','Which of these is correct?','你是德国人吗？,你是的国人吗？,你是德国认吗？,你是德国人马？','你是德国人吗？','你是德國人嗎？,你是的國人嗎？,你是德國認嗎？,你是德國人馬？','你是德國人嗎？',4),(6,'If Marco’s name is translated to <strong>马克</strong>, which of these sentences are correct?','If Marco’s name is translated to <strong>馬克</strong>, which of these sentences are correct?','马克是意大利人。,马克是意大李人。,吗克是意大利人。,马克是意他利人。','马克是意大利人。','馬克是意大利人。,馬克是意大李人。,嗎克是意大利人。,馬克是意他利人。','馬克是意大利人。',4),(7,'Which one translates to “<strong>This is Australia, that is Italy.</strong>”?','Which one translates to “<strong>This is Australia, that is Italy.</strong>”?','这是澳大利亚，那是意大利。,这是澳大利，那是意大利亚。,这是澳大利亚，她是意大利。,这是澳大利亚，马是意大利。','这是澳大利亚，那是意大利。','這是澳大利亞，那是意大利。,這是澳大利，那是意大利亞。,這是澳大利亞，她是意大利。,這是澳大利亞，馬是意大利。','這是澳大利亞，那是意大利。',4),(8,'Which one of these is “<strong>Kevin is American</strong>” in Chinese?','Which one of these is “<strong>Kevin is American</strong>” in Chinese?','凯文是美国人。,凯文是没国人。,凯文是美国认。,凯文是美关人。','凯文是美国人。','凱文是美國人。,凱文是沒國人。,凱文是美國認。,凱文是沒關人。','凱文是美國人。',4),(9,'Which of these is correct?','Which of these is correct?','她是家拿大人。,我是韩国人。,你是澳大利人。,他是加本人。','我是韩国人。','她是家拿大人。,我是韓國人。,你是澳大利人。,他是加本人。','我是韓國人。',5),(10,'Which of these translate to “<strong>She is Canadian</strong>”? ','Which of these translate to “<strong>She is Canadian</strong>”? ','她是加拿大人。,她是家拿大人。,她是加拿大人。,他是加拿大人。','她是加拿大人。','她是加拿大人。,她是家拿大人。,她是加拿大人。,他是加拿大人。','她是加拿大人。',5),(11,'If Marco is translated to “<strong>马克</strong>”, Which one of these translate to “<strong>I am Marco, I am a lawyer.</strong>” in English? ','If Marco is translated to “<strong>馬克</strong>”, Which one of these translate to “<strong>I am Marco, I am a lawyer.</strong>”” in English? ','我叫马克，我是老师。,我叫马克，我是律师。,我叫马克，我是厨师。,我是马克，我是律师。','我叫马克，我是律师。','我叫馬克，我是老師。,我叫馬克，我是律師。,我叫馬克，我是廚師。,我是馬克，我是律師。','我叫馬克，我是律師。',5),(12,'Which of these is correct?','Which of these is correct?','<strong>小红</strong>是华家。,<strong>明</strong>是老识。,<strong>大中</strong>是服务员。,<strong>卢</strong>是意生。','<strong>大中</strong>是服务员。','<strong>小紅</strong>是華家。,<strong>明</strong>是老識。,<strong>大中</strong>是服務員。,<strong>盧</strong>是意生。','<strong>大中</strong>是服務員。',5),(13,'Which of these is correct?','Which of these is correct?','你说汉语吗？,你说中语吗？,你说中文吗？,你说汉文吗？','你说汉语吗？','你說漢語嗎？,你說中語嗎？,你說中文嗎？,你說漢文嗎？','你說漢語嗎？',5),(14,'Which of these is <strong>not</strong> correct?','Which of these is <strong>not</strong> correct?','你学英语吗？,你学英文吗？,你说英语吗？,你说英文吗？','你说英文吗？','你學英語嗎？,你學英文嗎？,你說英語嗎？,你說英文嗎？','你說英語嗎？',5),(15,'Which of these mean “<strong>She is a dentist</strong>”? ','Which of these mean “<strong>She is a dentist</strong>”? ','她是医生。,她是牙医。,她是中医。,她是学生。','她是牙医。','她是醫生。,她是牙醫。,她是中醫。,她是學生。','她是牙醫。',5),(16,'Which of these mean “<strong>Chef, how are you?</strong>”','Which of these mean “<strong>Chef, how are you?</strong>”','厨师，你好吗？,厨人，你好吗？,厨员，你好吗？,厨家，你好吗？','厨师，你好吗？','廚師，你好嗎？,廚人，你好嗎？,廚員，你好嗎？,廚家，你好嗎？','廚師，你好嗎？',5),(17,'Which is these is <strong>not</strong> correct? ','Which is these is <strong>not</strong> correct? ','你是大学生，对不对？,你是不是中学生？,他对小学生吗？,他是大学生吗？','他对小学生吗？','你是大學生，對不對？,你是不是中學生嗎？,他對小學生嗎？,他是大學生嗎？','他對小學生嗎？',5),(18,'In Taiwan, how would you tell someone that you <strong>are a Japanese teacher</strong>?','In Taiwan, how would you tell someone that you <strong>are a Japanese teacher</strong>?','我是日文老师。,我是日语老师。,我叫日文老师。,我是不是日文老师。','我是日文老师。','我是日文老師。,我是日語老師。,我叫日文老師。,我是不是日文老師。','我是日文老師。',5),(19,'In mainland China, how do you tell someone that <strong>Lou (卢) studies Korean</strong>?','In mainland China, how do you tell someone that <strong>Lou (卢) studies Korean</strong>?','卢学韩国。,卢学汉语。,卢学韩语。,卢学韩文。','卢学韩语。','盧學韓國。盧學韓語。盧學漢語。盧學韓文。','盧學韓語。',5),(28,'Which of the following best translates to “<strong>Luke attends mathematics class online</strong>”?','Which of the following best translates to “<strong>Luke attends mathematics class online</strong>”?','卢克上网学习数学。,卢克上数学网课。,卢克上网课。,卢克学习数学。','卢克上数学网课。','盧克上网學習數學。,盧克上數學网課。,盧克上网課。,盧克學習數學。','盧克上數學网課。',6),(29,'Which of these is correct?','Which of these is correct?','我喜欢学习西班牙语。,我习欢学西喜班牙语。,我西欢学喜习班牙语。,我喜欢学西习班牙语。','我喜欢学习西班牙语。','我喜歡學習西班牙語。,我習歡學西喜班牙語。,我西歡學喜習班牙語。,我喜歡學西習班牙語。','我喜歡學習西班牙語。',6),(30,'Which of these translates to “<strong>Hualing likes to run and dance</strong>”?','Which of these translates to “<strong>Hualing likes to run and dance</strong>”?','华玲喜欢跑步和跳舞。,华玲喜欢跳步和跑舞。,华玲喜欢堡不和跳舞。,华玲喜包步不和跳数。','华玲喜欢跑步和跳舞。','華玲喜歡跑步和跳舞。,華玲喜歡跳步和跑舞。,華玲喜歡堡不和跳舞。,華玲喜歡步不和跳數。','華玲喜歡跑步和跳舞。',6),(31,'If Wang Ming’s name is written as <strong>王明</strong>, which sentence is correct?','If Wang Ming’s name is written as <strong>王明</strong>, which sentence is correct?','王明上网学习音乐。,网明上王学习音乐。,王明上课学习音乐。,王明上歌学习音乐。','王明上网学习音乐。','王明上網學習音樂。,網明上王學習音樂。,王明上課學習音樂。,王明上歌學習音樂。','王明上網學習音樂。',6),(32,'Which of these is correct?','Which of these is correct?','<strong>张小红</strong>要跑不。,<strong>凯文</strong>学习数学克。,<strong>王明</strong>喜欢张歌。,<strong>卢</strong>吃德国菜。','<strong>卢</strong>吃德国菜。','<strong>張小紅</strong>要跑不。,<strong>凱文</strong>學習數學克。,<strong>王明</strong>喜歡張歌。,<strong>盧</strong>吃德國菜。','<strong>盧</strong>吃德國菜。',6),(33,'Which of these mean “<strong>He eats a hamburger</strong>”? ','Which of these mean “<strong>He eats a hamburger</strong>”? ','他吃汉堡包。,他吃韩堡包。,他吃汉包包。,他吃汉堡堡。','他吃汉堡包。','他吃漢堡包。,他吃韓堡包。,他吃漢包包。,他吃漢堡堡。','他吃漢堡包。',6),(34,'Which of these is correct?','Which of these is correct?','她喜欢吃西班牙菜和澳大利亚菜。,她喜欢吃西班亚菜和澳大利亚再。,他喜欢吃西班牙菜和澳大利牙菜。,他喜欢吃西班亚菜和澳大利牙再。','她喜欢吃西班牙菜和澳大利亚菜。','她喜歡吃西班牙菜和澳大利亞菜。,她喜歡吃西班亞菜和澳大利亞再。,他喜歡吃西班牙菜和澳大利牙菜。,他喜歡吃西班亞菜和澳大利牙再。','她喜歡吃西班牙菜和澳大利亞菜。',6),(35,'Which of these is <strong>not</strong> correct?','Which of these is <strong>not</strong> correct?','<strong>卢</strong>是法国人。,<strong>卢</strong>学法语。,<strong>卢</strong>是法国菜。,<strong>卢</strong>说法语。','<strong>卢</strong>是法国菜。','<strong>盧</strong>是法國人。,<strong>盧</strong>學法文。,<strong>盧</strong>是法國菜。,<strong>盧</strong>說法語。','<strong>盧</strong>是法國菜。',6),(36,'Which of these is correct?','Which of these is correct?','<strong>马克</strong>要吃中国菜。,<strong>马克</strong>要吃中医菜。,<strong>马克</strong>要吃中文菜。,<strong>马克</strong>要吃汉语菜。','<strong>马克</strong>要吃中国菜。','<strong>馬克</strong>要吃中國菜。,<strong>馬克</strong>要吃中醫菜。,<strong>馬克</strong>要吃中文菜。,<strong>馬克</strong>要吃中學菜。','<strong>馬克</strong>要吃中國菜。',6),(37,'Which of these is correct?','Which of these is correct?','他学中文书。他看汉语书。他学汉文书。他看中文书。','他看中文书。','他學中文書。他看韓語書。他學韓文書。他看中文書。','他看中文書。',7),(38,'If Maya’s name is translated to <strong>玛雅</strong>, which of these is correct? ','If Maya’s name is translated to <strong>瑪雅</strong>, which of these is correct? ','玛雅的牙医是西班牙人。,玛牙的雅医是西班亚人。,玛雅的亚医是西班牙人。,玛雅的雅医是西班雅人。','玛雅的牙医是西班牙人。','瑪雅的牙醫是西班牙人。,瑪牙的雅醫是西班亚人。,瑪雅的亚醫是西班牙人。,瑪雅的雅醫是西班雅人。','瑪雅的牙醫是西班牙人。',7),(39,'If Hualing’s name is written as <strong>华玲</strong>, which of these is correct? ','If Hualing’s name is written as <strong>華玲</strong>, which of these is correct? ','华玲喜欢吃零食。,华零喜欢买零食。,华玲喜欢吃玲食。,华零喜欢买零食。','华玲喜欢吃零食。','華玲喜欢吃零食。,華零喜欢買零食。,華玲喜欢吃玲食。,華零喜欢買零食。','華玲喜欢吃零食。',7),(40,'If Zhang Xiaohong’s name is written as <strong>张小红</strong>, which of these is correct?','If Zhang Xiaohong’s name is written as <strong>張小紅</strong>, which of these is correct?','张小红常常去市场买食品和零食。,张小红唱唱去市常买食品和零食。,张小红场场去市张买师品和律师。,张小红常常去市场买是品和零识。','张小红常常去市场买食品和零食。','張小紅常常去市場買食品和零食。,張小紅唱唱去市常買食品和零食。,張小紅場場去市張买师品和律师。,張小紅常常去市場买是品和零識。','張小紅常常去市場買食品和零食。',7),(41,'Which of these is correct?','Which of these is correct?','画家常常去亚洲超市。,华家常常去亚洲超市。,画叫常常去亚洲超市。,画家常常去亚粥超市。','画家常常去亚洲超市。','畫家常常去亚洲超市。,華家常常去亚洲超市。,畫叫常常去亚洲超市。,畫家常常去亚粥超市。','畫家常常去亚洲超市。',7),(42,'Which of these is correct?','Which of these is correct?','我不场去日本。,她步唱跳舞。,你不张看书,他不常上网。','他不常上网。','我不場去日本。,她步唱跳舞。,你不張看書,他不常上網。','他不常上網。',7),(43,'If Marco’s name is translated as <strong>马克</strong> and Mary’s name is translated as <strong>玛丽</strong>, which is correct? ','If Marco’s name is translated as <strong>馬克</strong> and Mary’s name is translated as <strong>瑪麗</strong>, which is correct? ','玛克和马丽去饭馆吃饭。,马克和玛丽去咖啡店马咖啡。,吗克和吗丽去书店买书。,马克和玛丽去茶馆喝茶。','马克和玛丽去茶馆喝茶。','玛克和马丽去饭馆吃饭。,馬克和瑪麗去咖啡店馬咖啡。,嗎克和嗎麗去書店買書。,馬克和瑪麗去茶館喝茶。','馬克和瑪麗去茶館喝茶。',7),(44,'Which of these is correct?','Which of these is correct?','她常常看数学书。,她常常看书学书。,她常常看数学数。,她常常看数是书。','她常常看数学书。','她常常看數學書。,她常常看書學書。,她常常看數學數。,她常常看數是書。','她常常看數學書。',7),(45,'If Mary’s name is translated as <strong>玛丽</strong>, which of these is correct?','If Mary’s name is translated as <strong>瑪麗</strong>, which of these is correct?','妈妈和玛丽要去书店吗？,吗丽和玛玛要去书店妈？,吗吗和妈丽要去书店玛？,玛丽和妈妈要去书店马？','妈妈和玛丽要去书店吗？','妈妈和瑪麗要去書店嗎？,嗎麗和瑪瑪要去書店媽？,嗎嗎和媽麗要去書店瑪？,瑪麗和媽媽要去书店馬？','媽媽和瑪麗要去書店媽？',8),(46,'Which of these is correct?','Which of these is correct?','真的吗？你是法国人吗？,什么吗？你是法国人吗？,真么呢？你是法国人吗？,真什么？你是法国人吗？','真的吗？你是法国人吗？','真的嗎？你是法國人嗎？,什麼嗎？你是法國人嗎？,真麼呢？你是法國人嗎？,真什麼？你是法國人嗎？','真的嗎？你是法國人嗎？',8),(47,'Which of these translate to “I know her. She is my wife.”? ','Which of these translate to “I know her. She is my wife.”? ','我认识她。他是我老师。,我认识她。她是我老公。,我认识她。她是我老婆。,我认识她。她是我老人。','我认识她。她是我老婆。','我認識她。他是我老師。,我認識她。她是我老公。,我認識她。她是我老婆。,我認識她。她是我老人。','我認識她。他是我老師。',8),(48,'Which of these translate to “Her maternal grandfather likes congee.”? ','Which of these translate to “Her maternal grandfather likes congee.”? ','她的老公喜欢粥。,她的老婆喜欢粥。,她的外公喜欢粥。,她的外婆喜欢粥。','她的外公喜欢粥。','她的老公喜歡粥。,她的老婆喜歡粥。,她的外公喜歡粥。,她的外婆喜歡粥。','她的外公喜歡粥。',8),(49,'Which of these translate to “His father is a waiter.”? ','Which of these translate to “His father is a waiter.”? ','他的爸爸是服务员。,他的爷爷是服务员。,他的外公是服务员。,他的哥哥是服务员。','他的爸爸是服务员。','他的爸爸是服務員。,他的爷爷是服務員。,他的外公是服務員。,他的哥哥是服務員。','他的爸爸是服務員。',8),(50,'Which of these translate to “My paternal grandmother often drinks coffee.”? ','Which of these translate to “My paternal grandmother often drinks coffee.”? ','我妈妈常常喝咖啡。,我奶奶常常喝咖啡。,我老婆常常喝咖啡。,我妹妹常常喝咖啡。','我奶奶常常喝咖啡。','我媽媽常常喝咖啡。,我奶奶常常喝咖啡。,我老婆常常喝咖啡。,我妹妹常常喝咖啡。','我奶奶常常喝咖啡。',8),(51,'Which of these translate to “He is my maternal grandmother’s husband. He is also my maternal grandfather.”? ','Which of these translate to “He is my maternal grandmother’s husband. He is also my maternal grandfather.”? ','他是我外婆的老公。他也是我外公。, 他是我外奶的老爷。他也是我外爷。, 他是我老婆的外公。他也是我外公。, 他是我外婆的老人。他也是我外人。','他是我外婆的老公。他也是我外公。','他是我外婆的老公。他也是我外公。, 他是我外奶的老爺。他也是我外爺。, 他是我老婆的外公。他也是我外公。, 他是我外婆的老人。他也是我外人。','他是我外婆的老公。他也是我外公。',8),(52,'Which of these is correct?','Which of these is correct?','奶奶买茶。爷爷也买茶。,买买奶茶。爷爷也奶茶。,奶奶买茶。也也爷买茶。,买买奶茶。也也爷奶茶。','奶奶买茶。爷爷也买茶。','奶奶買茶。爺爺也買茶。,買買奶茶。爺爺也奶茶。,奶奶買茶。也也爺買茶。,買買奶茶。也也爺奶茶。','奶奶買茶。爺爺也買茶。',8),(53,'','Which of these is correct?','歌歌喜欢场哥。,他是<strong>桂迪</strong>家的弟弟。,美美常常去妹国吗？,家家是画姐。','他是<strong>桂迪</strong>家的弟弟。','歌歌喜歡場哥。,他是<strong>桂迪</strong>家的弟弟。,美美常常去妹國吗？,家家是畫姐。','他是<strong>桂迪</strong>家的弟弟。',8);
/*!40000 ALTER TABLE `ics_questions` ENABLE KEYS */;
UNLOCK TABLES;

--
-- Table structure for table `lessons`
--

DROP TABLE IF EXISTS `lessons`;
/*!40101 SET @saved_cs_client     = @@character_set_client */;
/*!50503 SET character_set_client = utf8mb4 */;
CREATE TABLE `lessons` (
  `id` int NOT NULL AUTO_INCREMENT,
  `eng_title` varchar(100) NOT NULL,
  `s_chn_title` varchar(45) NOT NULL,
  `hash` varchar(45) NOT NULL,
  `level` varchar(1) NOT NULL,
  PRIMARY KEY (`id`),
  KEY `id` (`id`)
) ENGINE=InnoDB AUTO_INCREMENT=16 DEFAULT CHARSET=utf8mb4 COLLATE=utf8mb4_0900_ai_ci;
/*!40101 SET character_set_client = @saved_cs_client */;

--
-- Dumping data for table `lessons`
--

LOCK TABLES `lessons` WRITE;
/*!40000 ALTER TABLE `lessons` DISABLE KEYS */;
INSERT INTO `lessons` VALUES (1,'Introduction I','第一课：介绍（一）','AkWU4Tt18X','A'),(2,'Introduction II','第二课：介绍（二）','obB7IBsFb3','A'),(3,'Food and Drink Preferences','第三课：食物和饮料偏好','NW9v1Gcrls','A'),(4,'Countries and Nationalities','第四课：国家和国籍','2766fNtLiR','A'),(5,'Professions I','第五课：职业（一）','KH4Qi3cg0H','A'),(6,'Activities I','第六课：活动（一）','Ztru8Z2Zm7','A'),(7,'Places to Go','第七课：可以去的地方','XAcyBAft1p','A'),(8,'All in the Family I','第八课：一切都是家里人（一）','g08bzs8i5v','A'),(9,'Please Give Me… I','第九课：请给我…（一）','D2soKoYxME','A'),(10,'Location and Travelling','第十课：地点和旅行','iKILdFpIif','A'),(11,'Measure Words and School','第十一课：量词和学校','SXjRDUxmJ6','A'),(12,'Going Out with Friends','第十二课：和朋友出去','7fsCee4lmj','A'),(13,'Eating at a Restaurant I','第十三课：在餐厅吃饭（一）','LasXuklkrS','A'),(14,'Can Do, Know How to Do, Is Doing','第十四课：能做，会做，在做','0pflqOnJbs','A'),(15,'Sports and Fitness I','第十五课：体育和健身（一）','rxGTIo2CkX','A');
/*!40000 ALTER TABLE `lessons` ENABLE KEYS */;
UNLOCK TABLES;

--
-- Table structure for table `objectives`
--

DROP TABLE IF EXISTS `objectives`;
/*!40101 SET @saved_cs_client     = @@character_set_client */;
/*!50503 SET character_set_client = utf8mb4 */;
CREATE TABLE `objectives` (
  `id` int NOT NULL AUTO_INCREMENT,
  `description` varchar(150) NOT NULL,
  `lesson_id` int NOT NULL,
  PRIMARY KEY (`id`),
  KEY `id_idx` (`lesson_id`),
  CONSTRAINT `fk_objs_lessons` FOREIGN KEY (`lesson_id`) REFERENCES `lessons` (`id`)
) ENGINE=InnoDB AUTO_INCREMENT=45 DEFAULT CHARSET=utf8mb4 COLLATE=utf8mb4_0900_ai_ci;
/*!40101 SET character_set_client = @saved_cs_client */;

--
-- Dumping data for table `objectives`
--

LOCK TABLES `objectives` WRITE;
/*!40000 ALTER TABLE `objectives` DISABLE KEYS */;
INSERT INTO `objectives` VALUES (1,'Learn how to say \"hello\" and \"goodbye\" in Chinese',1),(2,'Learn how to ask for someone\'s name in Chinese',1),(4,'Learn about some of the common Chinese pronouns',1),(5,'Understand how to introduce yourself in Chinese',1),(6,'Understand the structure of Chinese names',1),(7,'Learn how to greet others during different times of day',2),(8,'Learn more basic phrases to show courtesy in everyday conversation',2),(9,'Learn how to say you do not know someone in Chinese',2),(10,'Learn how to say \"Nice to meet you\" in Chinese',2),(11,'Learn how to ask for one\'s surname in Chinese',2),(12,'Learn how to say \"correct\" and \"not right\" in Chinese.',2),(13,'Identify some of the common Chinese food and drink',3),(14,'Learn how to express your preferences for certain food or drink',3),(15,'Learn how to express more than one preference for food or drink',3),(16,'Understand the usage of demonstrative and possessive pronouns in Chinese',3),(17,'Learn how to express your dislike for certain food or drink',3),(18,'Learn how to express your dislike for more than one food or drink',3),(20,'Know the names of some countries in Chinese.',4),(21,'Learn the general character for country how it is integrated in translating several country names.',4),(22,'Identify the term for person and how it can be used to describe people\'s nationalities.',4),(23,'Understand how some non-Chinese names are written, translated and transcribed in Chinese.',4),(24,'Learn some of the common professions and some of the common Chinese terms that are in those words.',5),(25,'Learn how to tell someone you teach a certain subject as a teacher.',5),(26,'Learn how to say \"student\" and identify the different school levels in Chinese.',5),(27,'Learn how to tell someone you are learning a language.',5),(28,'Learn how to tell someone you are speaking a language.',5),(29,'Learn how to talk about a few activities in Chinese.',6),(30,'Learn how to express that you are eating or drinking a certain food or drink.',6),(31,'Learn how to express that you are eating a certain dish from a country.',6),(32,'Learn how to say that you take a class, online or onsite.',6),(33,'Learn another way of saying \"to study\" and when it can be used.',6),(34,'Learn about some of the most frequented places in Chinese.',7),(35,'Learn how to say you perform an activity often or not often.',7),(36,'Know how to express that you went to a place to do an activity.',7),(38,'Learn to tell others that you went to a country to do something.',7),(39,'Learn the term for family and the terms for the members of the nuclear family.',8),(40,'Understand the distinct terms for grandparents in the mother\'s side and father\'s side.',8),(41,'Identify the terms for older and younger siblings.',8),(42,'Learn the casual terms for husband and wife.',8),(43,'Learn the terms for son and daughter.',8),(44,'Learn the terms for a few class subjects.',6);
/*!40000 ALTER TABLE `objectives` ENABLE KEYS */;
UNLOCK TABLES;

--
-- Table structure for table `rs_questions`
--

DROP TABLE IF EXISTS `rs_questions`;
/*!40101 SET @saved_cs_client     = @@character_set_client */;
/*!50503 SET character_set_client = utf8mb4 */;
CREATE TABLE `rs_questions` (
  `id` int NOT NULL AUTO_INCREMENT,
  `s_fragments` varchar(200) NOT NULL,
  `s_answer` varchar(200) NOT NULL,
  `t_fragments` varchar(200) NOT NULL,
  `t_answer` varchar(200) NOT NULL,
  `lesson_id` int NOT NULL,
  PRIMARY KEY (`id`),
  KEY `fk_rsquestion_lesson_idx` (`lesson_id`),
  CONSTRAINT `fk_rsquestion_lesson` FOREIGN KEY (`lesson_id`) REFERENCES `lessons` (`id`)
) ENGINE=InnoDB AUTO_INCREMENT=54 DEFAULT CHARSET=utf8mb4 COLLATE=utf8mb4_0900_ai_ci;
/*!40101 SET character_set_client = @saved_cs_client */;

--
-- Dumping data for table `rs_questions`
--

LOCK TABLES `rs_questions` WRITE;
/*!40000 ALTER TABLE `rs_questions` DISABLE KEYS */;
INSERT INTO `rs_questions` VALUES (1,'叫,你,什么,名字','你叫什么名字？','叫,你,什麼,名字','你叫什麼名字？',5),(2,'你呢,叫,我,<strong>王明</strong>','我叫<strong>王明</strong>，你呢？','你呢,叫,我,<strong>王明</strong>','我叫<strong>王明</strong>，你呢？',5),(3,'你,高兴,很,认识','认识你很高兴。,很高兴认识你。','你,高興,很,認識','認識你很高興。,很高興認識你。',5),(4,'汤,豆腐,和,喜欢,我','我喜欢汤和豆腐。,我喜欢豆腐和汤。','湯,豆腐,和,喜歡,我','我喜歡湯喝咖啡。,我喜歡豆腐喝湯。',5),(5,'吗,你,中国人,是','你是中国人吗？','嗎,你,中國人,是','你是中國人嗎？',5),(6,'不是,服务员,<strong>大中</strong>,<strong>王</strong>,是','<strong>王大中</strong>是不是服务员？','不是,服務員,<strong>大中</strong>,<strong>王</strong>,是','<strong>王大中</strong>是不是服務員？',5),(7,'他,老师,是,意大利,语','他是意大利语老师。','他,老師,是,意大利,文','他是意大利文老師。',5),(8,'汉,中,学生,我是,我学,语','我是中学生。我学汉语。,我学汉语。我是中学生。','中,學生,我是,我學,中文','我是中学生。我学中文。,我学中文。我是中学生。',5),(9,'不对,对,你,画家,是','你是画家，对不对？','不對,對,你,畫家,是','你是畫家，對不對？',5),(10,'你好,好,吗,早上','早上好，你好吗？,早上好。你好吗？','你好,好,嗎,早上','早上好，你好嗎？,早上好。你好嗎？',5),(11,'你要,咖啡,什么,热,我要','我要热咖啡，你要什么？','你要,咖啡,什麼,熱,我要','我要熱咖啡，你要什麼？',5),(12,'么,你,什,学','你学什么？','麼,你,什,學','你學什麼？',5),(13,'你呢,画家,<strong>小红</strong>,是','<strong>小红</strong>是画家，你呢？','你呢,畫家,<strong>小紅</strong>,是','<strong小紅</strong>是畫家，你呢？',5),(14,'他是,<strong>凯文</strong>,厨师,认识,我','我认识凯文，他是厨师。','他是,凱文,厨師,認識,我','我認識凱文，他是厨師。',5),(15,'是,不对,老师,她,德语,对','她是德语老师，对不对？','是,不對,老師,她,德文,對','她是德文老師，對不對？',5),(16,'吗,吗,你好,你是,律师','你好吗？你是律师吗？','嗎,嗎,你好,你是,律師','你好嗎？你是律師嗎？',5),(17,'老师,你好,王明,我叫,我是','你好，我叫王明。我是老师。','老師,你好,王明,我叫,我是','你好，我叫王明。我是老師。',5),(18,'<strong>明</strong>,喜欢,西班牙,吃,菜','<strong>明</strong>喜欢吃西班牙菜。','<strong>明</strong>,喜歡,西班牙,吃,菜','<strong>明</strong>喜歡吃西班牙菜。',6),(19,'要,数学,<strong>华玲</strong>,学习','<strong>华玲</strong>要学习数学。','要,數學,<strong>華玲</strong>,學習','<strong>華玲</strong>要學習數學。',6),(20,'不,课,<strong>马克</strong>,音乐,喜欢','<strong>马克</strong>不喜欢音乐课。','不,課,<strong>馬克</strong>,音樂,喜歡','<strong>馬克</strong>不喜歡音樂課。',6),(21,'习,学,<strong>张小红</strong>,上,法语,网','<strong>张小红</strong>上网学习法语。','習,學,<strong>张小紅</strong>,上,法文,網','<strong>張小紅</strong>上網學習法文。',6),(22,'她,课,韩语,上,网','她上韩语网课。','她,課,韓文,上,網','她上韓文網課。',6),(23,'吗,你,课,西班牙,上,语','你上西班牙语课吗？','嗎,你,課,西班牙,上,文','你上西班牙文課嗎？',6),(24,'不,他,喜欢,吃,菜,意大利','他不喜欢吃意大利菜。','不,他,喜欢,吃,菜,意大利','他不喜欢吃意大利菜。',6),(25,'<strong>大中</strong>,和,加拿大,粥,吃,菜','<strong>大中</strong>吃粥和加拿大菜。,<strong>大中</strong>吃加拿大菜喝粥。','<strong>大中</strong>,和,加拿大,粥,吃,菜','<strong>大中</strong>吃粥和加拿大菜。,<strong>大中</strong>吃加拿大菜喝粥。',6),(26,'利亚,<strong>卢克</strong>,喜欢,吃,菜,澳大','<strong>卢克</strong>喜欢吃澳大利亚菜。','利亞,<strong>盧克</strong>,喜歡,吃,菜,澳大','<strong>盧克</strong>喜歡吃澳大利亞菜。',6),(27,'学习,你,什么,要','你要学习什么？','學習,你,要,什麼','你要學習什麼？',6),(28,'吗,豆腐,你,吃,<strong>王明</strong>','<strong>王明</strong>，你吃豆腐吗？','嗎,豆腐,你,吃,<strong>王明</strong>','<strong>王明</strong>，你吃豆腐嗎？',6),(29,'不对,不喝,<strong>卢</strong>,对,咖啡','<strong>卢</strong>不喝咖啡，对不对？','不對,不喝,對,<strong>盧</strong>,咖啡','<strong>盧</strong>不喝咖啡，對不對？',6),(30,'买,她,中文书,常常去,书店,亚洲','她常常去亚洲书店买中文书。','她,買,亞洲,书店,常常去,中文書','她常常去亞洲书店買中文書。',7),(31,'喝,去,喜欢,中医,茶,茶馆','中医喜欢去茶馆喝茶。','茶,喝,去,中醫,喜歡,茶館','中醫喜歡去茶館喝茶。',7),(32,'法国,他,去,学习,音乐','他去法国学习音乐。','法國,學習,音樂,他,去','他去法國學習音樂。',7),(33,'去,喜欢,<strong>小红</strong>,唱歌和,市场','<strong>小红</strong>喜欢唱歌和去市场。','去,市場,<strong>小紅</strong>,喜歡,唱歌和','<strong>小紅</strong>喜歡唱歌和去市場。',7),(34,'吃,去,我,不常,饭馆,晚饭','我不常去饭馆吃晚饭。','去,我,吃,不常,飯館,晚飯','我不常去飯館吃晚飯。',7),(35,'书,对,你,看,数学,不对','你看数学书，对不对？','你,看,書,對,數學,不對','你看數學書，對不對？',7),(36,'店,去,吗,你,常常,咖啡','你常常去咖啡店吗？','你,去,店,嗎,咖啡,常常','你常常去咖啡店嗎？',7),(37,'去,他要,<strong>卢克</strong>,要咖啡,买咖啡,咖啡店','<strong>卢克</strong>要咖啡。他要去咖啡店买咖啡。','去,<strong>盧克</strong>,他要,咖啡店,要咖啡,買咖啡','<strong>盧克</strong>要咖啡。他要去咖啡店買咖啡。',7),(38,'去,菜,<strong>华玲</strong>,喜欢,超市,买法国','<strong>华玲</strong>喜欢去超市买法国菜。','去,菜,<strong>華玲</strong>,喜歡,超市,買法國','<strong>華玲</strong>喜歡去超市買法國菜。',7),(39,'你,要,我,要买,食品,什么','我要买食品。你要什么？,我要买饰品，你要什么？,你要什么？我要买饰品。','我,你,要,要買,食品,什麼','我要買食品。你要什麼？',7),(40,'家人,喜欢,我,我的','我喜欢我的家人。','家人,喜歡,我,我的','我喜歡我的家人。',8),(41,'吗,吗,你的,真的,老公是,医生','真的吗？你的老公是医生吗？,你的老公是医生吗？真的吗？','嗎,嗎,你的,真的,老公是,醫生','真的嗎？你的老公是醫生嗎？,你的老公是醫生吗？真的嗎？',8),(42,'买,他也,去,常常,咖啡,咖啡店','他也常常去咖啡店买咖啡。','買,他也,去,常常,咖啡,咖啡店','他也常常去咖啡店買咖啡。',8),(43,'的,弟弟,这是,<strong>王大中</strong>','这是<strong>王大中</strong>的弟弟。','的,弟弟,這是,<strong>王大中</strong>','這是<strong>王大中</strong>的弟弟。',8),(44,'吗,妈妈,米饭,我要,米饭,你也要','我要米饭。妈妈，你也要米饭吗？','嗎,媽媽,米饭,我要,米饭,你也要','我要米饭。媽媽，你也要米饭嗎？',8),(45,'爸爸,他的,和跑步,喜欢,上网','他的爸爸喜欢上网和跑步。','爸爸,他的,和跑步,喜歡,上網','他的爸爸喜歡上網和跑步。',8),(46,'买书,女儿,常常,去,书店,我','我女儿常常去书店买书。','买书,女儿,常常,去,书店,我','我女儿常常去书店买书。',8),(47,'旅行,他的,常常,去,儿子,意大利','他的儿子常常去意大利旅行。','旅行,他的,常常,去,兒子,意大利','他的兒子常常去意大利旅行。',8),(48,'厨师,的儿子,喜欢,听,音乐','厨师的儿子喜欢听音乐。','廚師,的兒子,喜歡,聽,音樂','廚師的兒子喜欢聽音樂。',8),(49,'奶奶,和外婆,不常,去,茶馆,喝茶','奶奶和外婆不常去茶馆喝茶。','奶奶和外婆不常去茶館喝茶。','奶奶,和外婆,不常,去,茶館,喝茶',8),(50,'老婆,老师,是,数学,他的','他的老婆是数学老师。','老婆,老師,是,數學,他的','他的老婆是數學老師。',8),(51,'哥哥,零食,和妹妹,喜欢,泰国,吃','哥哥和妹妹喜欢吃泰国零食。','哥哥,零食,和妹妹,喜欢,泰國,吃','哥哥和妹妹喜欢吃泰國零食。',8),(52,'汉语,学习,姐姐,常常,她','她姐姐常常学习汉语。','姐姐,学习,中文,常常,我','我姐姐常常学习中文。',8),(53,'我外公,要,看书,爷爷,也要,看书','我外公要看书。爷爷也要看书。,爷爷要看书。我外公也要看书。','看書,看書,我外公,爺爺,也要,要','我外公要看書。爺爺也要看書。,爺爺要看书。我外公也要看書。',8);
/*!40000 ALTER TABLE `rs_questions` ENABLE KEYS */;
UNLOCK TABLES;

--
-- Table structure for table `sample_sentences`
--

DROP TABLE IF EXISTS `sample_sentences`;
/*!40101 SET @saved_cs_client     = @@character_set_client */;
/*!50503 SET character_set_client = utf8mb4 */;
CREATE TABLE `sample_sentences` (
  `id` int NOT NULL AUTO_INCREMENT,
  `s_sentence` varchar(100) NOT NULL,
  `t_sentence` varchar(100) NOT NULL,
  `eng_s_notes` varchar(650) NOT NULL,
  `eng_t_notes` varchar(650) NOT NULL,
  `lesson_id` int NOT NULL,
  PRIMARY KEY (`id`),
  KEY `fk_samplsent_lesson_idx` (`lesson_id`),
  CONSTRAINT `fk_sampstc_lesson` FOREIGN KEY (`lesson_id`) REFERENCES `lessons` (`id`)
) ENGINE=InnoDB AUTO_INCREMENT=21 DEFAULT CHARSET=utf8mb4 COLLATE=utf8mb4_0900_ai_ci;
/*!40101 SET character_set_client = @saved_cs_client */;

--
-- Dumping data for table `sample_sentences`
--

LOCK TABLES `sample_sentences` WRITE;
/*!40000 ALTER TABLE `sample_sentences` DISABLE KEYS */;
INSERT INTO `sample_sentences` VALUES (1,'你好。','你好。','This means “Hello” in Chinese. While this literally means “You good,” this is not the way to ask how one is doing, so it is not “Are you good?” or “How are you?” This is also not the way to say “You are good.” The Chinese terms for those will be explained in the next lesson.','This means “Hello” in Chinese. While this literally means “You good,” this is not the way to ask how one is doing, so it is not “Are you good?” or “How are you?” This is also not the way to say “You are good.” The Chinese terms for those will be explained in the next lesson.',1),(2,'A: 你好。\nB: 好。','A: 你好。\nB: 好。','To respond to 你好, you must say 好. There is no need to include the 你 unless you’re the one initiating the greeting.','To respond to 你好, you must say 好. There is no need to include the 你 unless you’re the one initiating the greeting.',1),(3,'你叫什么名字？','你叫什麼名字？','This literally means “What is the name you are called by?” 叫 means “to be called”. 什么 means “what”, which turns the statement into a question. 名字 means “name”.','This literally means “What is the name you are called by?” 叫 means “to be called”. 什麼 means “what”, which turns the statement into a question. 名字 means “name”.',1),(4,'我叫 Aaron。','我叫 Aaron。','When you introduce yourself in English, you say “I am _______.” If your name is Aaron, you say “I am Aaron.” 我 means “I” in Chinese. 叫 means “to be called”, so this literally means “I am called Aaron.” There is another character used more often as a linking verb, but that will be discussed in another lesson. ','When you introduce yourself in English, you say “I am _______.” If your name is Aaron, you say “I am Aaron.” 我 means “I” in Chinese. 叫 means “to be called”, so this literally means “I am called Aaron.” There is another character used more often as a linking verb, but that will be discussed in another lesson. ',1),(5,'我叫王明。','我叫王明。','Chinese names are formally written with the last name first then the first name. In the sentence, the person introduces himself as “王明”. 王 (Wang) is the surname and 明 (Ming) is the first name. In Western languages, romanised Chinese names can be written in the Western order (e.g. Ming Wang) to be consistent with other names, but the order of the Chinese name must be maintained when it is written in Chinese. Note that character names are bolded in the worksheets to avoid confusion.','Chinese names are formally written with the last name first then the first name. In the sentence, the person introduces himself as “王明”. 王 (Wang) is the surname and 明 (Ming) is the first name. In Western languages, romanised Chinese names can be written in the Western order (e.g. Ming Wang) to be consistent with other names, but the order of the Chinese name must be maintained when it is written in Chinese. Note that character names are bolded in the worksheets to avoid confusion.',1),(6,'我叫王明，叫我明。','我叫王明，叫我明。','This means “I am Wang Ming, call me Ming.” This showcases the two ways one can use 叫, as a way to introduce oneself and as “to call”. Note that in Chinese culture, people usually call each other by their full names unless they are close (or in an informal setting), in which they drop the surname. However, it is possible that some people prefer to be called by the first name regardless of how close they are to others.','This means “I am Wang Ming, call me Ming.” This showcases the two ways one can use 叫, as a way to introduce oneself and as “to call”. Note that in Chinese culture, people usually call each other by their full names unless they are close (or in an informal setting), in which they drop the surname. However, it is possible that some people prefer to be called by the first name regardless of how close they are to others.',1),(7,'A: 你叫什么名字？\nB: 我叫王明，你呢？','A: 你叫什麼名字？\nB: 我叫王明，你呢？','你呢 means “And you?” or “How about you?”. 呢 also allows answerers to return the question back to the asker. ','你呢 means “And you?” or “How about you?”. 呢 also allows answerers to return the question back to the asker. ',1),(8,'他叫王明。她叫 Jane。','他叫王明。她叫 Jane。','他 means “he” and 她 is “she”, and while they sound the same when read, they are written differently. Note the key differences between the two characters. ','他 means “he” and 她 is “she”, and while they sound the same when read, they are written differently. Note the key differences between the two characters. ',1),(9,'我认识王明。','我認識王明。','认识 means “to know someone” or “to recognise someone”. Note that this should be used when talking about knowing a certain person. ','認識 means “to know someone” or “to recognise someone”. Note that this should be used when talking about knowing a certain person. ',1),(10,'认识你很高兴，再见！','認識你很高興，再見！','The first part of the sentence literally means “Meeting you is very exciting”, or in simpler terms, “Nice to meet you.” 高兴 means “happy” or “exciting”. 再见 means “Goodbye”, and while it does not directly translate to goodbye, it is a common way of saying it in Chinese. 再见 actually means “See again”, or more completely, “See you again.” ','The first part of the sentence literally means “Meeting you is very exciting”, or in simpler terms, “Nice to meet you.” 高兴 means “happy” or “exciting”. 再见 means “Goodbye”, and while it does not directly translate to goodbye, it is a common way of saying it in Chinese. 再见 actually means “See again”, or more completely, “See you again.” ',1),(11,'很高兴认识你！','很高興認識你！','This is an alternate way of saying “Nice to meet you.” ','This is an alternate way of saying “Nice to meet you.” ',1),(12,'你好吗？','你好嗎？','This means “How are you?” It’s made up of “Hello” (你好) and the question particle 吗, which turns a statement into a yes-or-no question. So it\'s like asking, “Are you well?” or “Are you good?” ','This means “How are you?” It’s made up of “Hello” (你好) and the question particle 吗, which turns a statement into a yes-or-no question. So it\'s like asking, “Are you well?” or “Are you good?” ',2),(13,'A: 你好吗？\nB: 我很好，你呢？','A: 你好嗎？\nB: 我很好，你呢？','One way of replying to “How are you?” is “I am fine” or “I am good”. “我很好” just means that. 很 links the adjective 好 to “I”. ','One way of replying to “How are you?” is “I am fine” or “I am good”. “我很好” just means that. 很 links the adjective 好 to “I”. ',2),(14,'A: 早上好。\nB: 早！','A: 早上好。\nB: 早！','早上好 means “Good morning”. 早 is also another way of greeting someone in the morning, it is the equivalent of saying “Morning!” to someone.','早上好 means “Good morning”. 早 is also another way of greeting someone in the morning, it is the equivalent of saying “Morning!” to someone.',2),(15,'A: 早！你好吗？\nB: 我很好，谢谢。','A: 早！你好嗎？\nB: 我很好，謝謝。','Note that 早 here can be used to start a conversation, unlike 好, which can only be used in response to 你好 or other similar greetings. 谢谢 means “Thank you.” ','Note that 早 here can be used to start a conversation, unlike 好, which can only be used in response to 你好 or other similar greetings. 謝謝 means “Thank you.” ',2),(16,'A: 晚上好，你好吗？\nB: 我很好，谢谢你。\nA: 不客气。','A: 晚上好，你好嗎？\nB: 我很好，謝謝你。\nA: 不客氣。','晚上好 means “Good evening”. Also, to respond to 谢谢, you must say “不客气”. This means “You’re welcome,” “No problem” or “Don’t mention it.” ','晚上好 means “Good evening”. Also, to respond to 謝謝, you must say “不客氣”. This means “You’re welcome,” “No problem” or “Don’t mention it.” ',2),(17,'A: 你认识李华玲吗？\nB: 对不起，我不认识她。','A: 你認識李華玲吗？\nB: 對不起，我不認識她。','Here is another example of a question with 吗. Person A is asking if B knows Li Hualing (李华玲), to which A responds with “Sorry” (对不起) and telling B they do not know her. Note the 不 after 认识, and when put together, means “don’t recognise”, therefore A does not recognise Li Hualing.','Here is another example of a question with 吗. Person A is asking if B knows Li Hualing (李華玲), to which A responds with “Sorry” (對不起) and telling B they do not know her. Note the 不 after 認識, and when put together, means “don’t recognise”, therefore A does not recognise Li Hualing.',2),(18,'A: 对不起。\nB: 没关系。','A: 對不起。\nB: 沒關係。','To respond to “对不起” (I’m sorry), you must say “没关系”, not to be confused with “不客气”, which is used in response to “Thank you.” ','To respond to “ 對不起” (I’m sorry), you must say “沒關係”, not to be confused with “不客氣”, which is used in response to “Thank you.” ',2),(19,'A: 你姓什么？\nB: 我姓张。你姓李吗？\nA: 不，我姓王。','A: 你姓什麼？\nB: 我姓張。你姓李嗎？\nA: 不，我姓王。','“你姓什么？” means “What is your surname?” To answer this question, you must say “我姓___.” In this situation, 姓 is used like a verb that means “to have a surname of”, so Person B tells A that their surname is Zhang (张). Then, they ask A if their surname is Li (李), but A negates this by saying “不” and telling B that their surname is Wang (王).','“你姓什麼？” means “What is your surname?” To answer this question, you must say “我姓___.” In this situation, 姓 is used like a verb that means “to have a surname of”, so Person B tells A that their surname is Zhang (張). Then, they ask A if their surname is Li (李), but A negates this by saying “不” and telling B that their surname is Wang (王).',2),(20,'A: 你姓王吗？\nB: 对，我姓王。你姓张吗？\nA: 不对，我姓李。','A: 你姓王嗎？\nB: 對，我姓王。你姓張嗎？\nA: 不對，我姓李。','Here’s a similar dialogue about asking surnames. Person A asks B if their surname is Wang, to which B says “Correct” (对). B asks A if their surname is Zhang, but A says “That’s not right” (不对) and tells B that their surname is Li.','Here’s a similar dialogue about asking surnames. Person A asks B if their surname is Wang, to which B says “Correct” (對). B asks A if their surname is Zhang, but A says “That’s not right” (不對) and tells B that their surname is Li.',2);
/*!40000 ALTER TABLE `sample_sentences` ENABLE KEYS */;
UNLOCK TABLES;

--
-- Table structure for table `sc_questions`
--

DROP TABLE IF EXISTS `sc_questions`;
/*!40101 SET @saved_cs_client     = @@character_set_client */;
/*!50503 SET character_set_client = utf8mb4 */;
CREATE TABLE `sc_questions` (
  `id` int NOT NULL AUTO_INCREMENT,
  `s_question` varchar(500) NOT NULL,
  `s_choices` varchar(500) NOT NULL,
  `s_answer` varchar(100) NOT NULL,
  `t_question` varchar(500) NOT NULL,
  `t_choices` varchar(500) NOT NULL,
  `t_answer` varchar(100) NOT NULL,
  `lesson_id` int NOT NULL,
  PRIMARY KEY (`id`),
  KEY `fk_scomp_lesson_idx` (`lesson_id`),
  CONSTRAINT `fk_scomp_lesson` FOREIGN KEY (`lesson_id`) REFERENCES `lessons` (`id`)
) ENGINE=InnoDB AUTO_INCREMENT=14 DEFAULT CHARSET=utf8mb4 COLLATE=utf8mb4_0900_ai_ci;
/*!40101 SET character_set_client = @saved_cs_client */;

--
-- Dumping data for table `sc_questions`
--

LOCK TABLES `sc_questions` WRITE;
/*!40000 ALTER TABLE `sc_questions` DISABLE KEYS */;
INSERT INTO `sc_questions` VALUES (1,'There are three people having a conversation:\nXiaoling (小玲), Carl (卡尔) and Ian (伊恩). \nThey were all discussing their food preferences.\nEach person dislikes a different food. \nThe following were overheard in the conversation: \n    I. 小玲喜欢豆腐。\n    II. 卡尔不喜欢粥。\nBased on these statements, which of these is <strong>most likely</strong> true?','小玲不喜欢米饭。,卡尔喜欢粥。,小玲不喜欢豆腐。,伊恩不喜欢粥。','小玲不喜欢米饭。','There are three people having a conversation: \nXiaoling (小玲), Carl (卡尔) and Ian (伊恩). \nThey were all discussing their food preferences.\nEach person dislikes a different food. \nThe following were overheard in the conversation: \n    I. <strong>小玲</strong>喜歡豆腐。\n    II. <strong>卡尔</strong>不喜歡粥。\nBased on these statements, which of these is most likely true?','小玲不喜歡米飯。,卡尔喜歡粥。,小玲不喜歡豆腐。,伊恩不喜歡粥。','小玲不喜歡米飯。',8),(2,'Three people—Ruyan (如烟), Zhuxi (祝曦) and Yuqing (雨晴)—\neach like a different hot dish and a different cold drink.\nAside from that, you also recall these details: \n    I. 雨晴喜欢米饭。\n    II. 祝曦喜欢冰茶。\n    III. 如烟喜欢豆腐。\n    IV. 雨晴喜欢冰水。\nBased on these statements, which of these is <strong>most likely</strong> true?','雨晴喜欢热水。,如烟喜欢热咖啡。,祝曦不喜欢粥。,祝曦喜欢汤。','祝曦喜欢汤。','Three people—Ruyan (如烟), Zhuxi (祝曦) and Yuqing (雨晴)—\neach like a different hot dish and a different cold drink.\nAside from that, you also recall these details: \n    I. 雨晴喜欢米饭。\n    II. 祝曦喜欢冰茶。\n    III. 如烟喜欢豆腐。\n    IV. 雨晴喜欢冰水。\nBased on these statements, which of these is most likely true?','雨晴喜欢熱水。,如烟喜欢熱咖啡。,祝曦不喜欢粥。,祝曦喜欢湯。','祝曦喜欢湯。',8),(3,'    I. <strong>王大中</strong>是中国人。\n    II. <strong>李小乐</strong>也是中国人。\n    III. <strong>王大中</strong>认识</strong>李小乐</strong>。\nBased on these statements, which one is <strong>most likely</strong> true?','<strong>王大中</strong>和<strong>李小乐</strong>是朋友。,<strong>王大中</strong>和<strong>李小乐</strong>是中国人。,<strong>王大中</strong>和<strong>李小乐</strong>是韩国人。,<strong>王大中</strong>和<strong>李小乐</strong>喜欢中国菜。','<strong>王大中</strong>和<strong>李小乐</strong>是中国人。','    I. <strong>王大中</strong>是中國人。\n    II. <strong>李小樂</strong>也是中國人。\n    III. <strong>王大中</strong>認識</strong>李小樂</strong>。\nBased on these statements, which one is <strong>most likely</strong> true?','<strong>王大中</strong>和<strong>李小樂</strong>是朋友。,<strong>王大中</strong>和<strong>李小樂</strong>是中國人。,<strong>王大中</strong>和<strong>李小樂</strong>是韓國人。,<strong>王大中</strong>和<strong>李小樂</strong>喜欢中國菜。','<strong>王大中</strong>和<strong>李小樂</strong>是中國人。',8),(4,'You met four people: \nAndré (安德烈), Emma (艾玛), Mo (墨) and Chuan (川).\nYou know that each of them have a different nationality and profession.\nHowever, you only remember the following details: \n    I. 安德烈不是德国人。\n    II. 法国人是医生。\n    III. 艾玛和川不是画家。\n    IV. 画家是中国人。\n    V. 墨不是医生。\n    VI. 川不是医生，也不是厨师。\nBased on these statements, who is the teacher? ','川,安德烈,艾玛,墨','川','You met four people: \nAndré (安德烈), Emma (艾瑪), Mo (墨) and Chuan (川).\nYou know that each of them have a different nationality and profession.\nHowever, you only remember the following details: \n    I. 安德烈不是德國人。\n    II. 法國人是醫生。\n    III. 艾瑪和川不是畫家。\n    IV. 畫家是中國人。\n    V. 墨不是醫生。\n    VI. 川不是醫生，也不是廚師。\nBased on these statements, who is the teacher? ','川,安德烈,艾瑪,墨','川',8),(5,'A dentist, waiter, student, lawyer and TCM practitioner \nare learning new languages. \nClues:\n    I. 牙医不学汉语，也不学韩语。\n    II. 服务员和学生不学英语。\n    III. 律师学西班牙语。\n    IV. 中医不学汉语，也不学意大利语。\n    V. 学生不学汉语，也不学意大利语。\nBased on these clues, what language is the student learning?','韩语,英语,日语,汉语','韩语','A dentist, waiter, student, lawyer and TCM practitioner \nare learning new languages. \nClues:\n    I. 牙醫不学中文，也不學韓文。\n    II. 服務員和学生不学英文。\n    III. 律师學西班牙文。\n    IV. 中医不学中文，也不学意大利文。\n    V. 学生不学中文，也不学意大利文。\nBased on these clues, what language is the student learning?','韓文,英文,日文,中文','韓文',8),(6,'You have three friends: \nLie (烈), Saya (沙耶) and Gyeoul (格优尔). \nYou know that each of them like a different hobby \nand each like going to a place often. \nYou also know the following:\n    I. 沙耶不喜欢看书。沙耶常常去茶馆。\n    II. 格优尔喜欢听音乐。\n    III. 喜欢看书的朋友常常去咖啡馆。\nBased on these facts, which of these is <strong>most likely</strong> true?','烈常常去咖啡馆。,沙耶不常去茶馆。,格优尔喜欢看书。,烈常常去饭馆。','烈常常去咖啡馆。','You have three friends: \nLie (烈), Saya (沙耶) and Gyeoul (格優爾). \nYou know that each of them like a different hobby \nand each like going to a place often. \nYou also know the following:\n    I. 沙耶不喜歡看書。沙耶常常去茶館。\n    II. 格優爾喜歡聽音樂。\n    III. 喜歡看書的朋友常常去咖啡館。\nBased on these facts, which of these is <strong>most likely</strong> true?','烈常常去咖啡館。,沙耶不常去茶館。,格优爾喜歡看書。,烈常常去飯館。','烈常常去咖啡館。',8),(7,'<strong>偉</strong>是<strong>李娜</strong>的爸爸。\n<strong>李娜</strong>的弟弟叫<strong>小明</strong>。\nBased on these statements, what is Xiaoming (小明) to Wei (偉)?','他的儿子。,他的弟弟。,他的哥哥。,他的朋友。','他的儿子。','<strong>偉</strong>是<strong>李娜</strong>的爸爸。\n<strong>李娜</strong>的弟弟叫<strong>小明</strong>。\nBased on these statements, what is Xiaoming (小明) to Wei (偉)?','他的兒子。,他的弟弟。,他的哥哥。,他的朋友。','他的兒子。',8),(8,'<strong>爱丽丝</strong>的哥哥叫<strong>鲍勃</strong>。\n<strong>鲍勃</strong>的弟弟叫<strong>达恩</strong>。\n<strong>达恩</strong>的妈妈叫<strong>卡罗尔</strong>。\nBased on these statements, what is the relationship between \nAlice (爱丽丝) and Carol (卡罗尔)?','爱丽丝是卡罗尔的女儿。,爱丽丝是卡罗尔的妈妈。,卡罗尔是阿里斯的女儿。,卡罗尔是阿里斯的姐姐。','爱丽丝是卡罗尔的女儿。','<strong>愛麗絲</strong>的哥哥叫<strong>鮑勃</strong>。\n<strong>鮑勃</strong>的弟弟叫<strong>達恩</strong>。\n<strong>達恩</strong>的妈妈叫<strong>卡洛爾</strong>。\nBased on these statements, what is the relationship between \nAlice (爱丽丝) and Carol (卡罗尔)?','爱丽丝是卡罗尔的女儿。,爱丽丝是卡罗尔的妈妈。,卡罗尔是阿里斯的女儿。,卡罗尔是阿里斯的姐姐。','爱丽丝是卡罗尔的女儿。',8),(9,'我是厨师。\n我姐姐是服务员。\n她的女儿也是服务员。\n厨师的爸爸是画家。\nBased on these statements, what is the painter to my sister’s daughter? ','她的外公。,她的老公。,她的爸爸。,她的爷爷。','她的外公。','我是廚師。\n我姐姐是服務員。\n她的女儿也是服務員。\n廚師的爸爸是畫家。\nBased on these statements, what is the painter to my sister’s daughter? ','她的外公。,她的老公。,她的爸爸。,她的爺爺。','她的外公。',8),(10,'<strong>伟</strong>的儿子叫<strong>言</strong>。\n<strong>力</strong>的女儿叫<strong>荧</strong>。\n<strong>力</strong>的妈妈叫<strong>林</strong>。\n<strong>伟</strong>是<strong>林</strong>的老公。\nBased on these statements, which of these is <strong>possibly false</strong>? ','<strong>力</strong>是<strong>伟</strong>的儿子。,<strong>言</strong>是<strong>力</strong>的弟弟。,<strong>言</strong>是<strong>力</strong>的哥哥。,<strong>林</strong>是<strong>荧</strong>的外婆。','<strong>林</strong>是<strong>荧</strong>的外婆。','<strong>偉</strong>的兒子叫<strong>言</strong>。\n<strong>力</strong>的女兒叫<strong>熒</strong>。\n<strong>力</strong>的媽媽叫<strong>林</strong>。\n<strong>偉</strong>是<strong>林</strong>的老公。\nBased on these statements, which of these is <strong>possibly false</strong>? ','<strong>力</strong>是<strong>伟</strong>的兒子。,<strong>言</strong>是<strong>力</strong>的弟弟。,<strong>言</strong>是<strong>力</strong>的哥哥。,<strong>林</strong>是<strong>熒</strong>的外婆。','<strong>林</strong>是<strong>熒</strong>的外婆。',8),(11,'我喜欢豆腐。\n我弟弟喜欢汤。\n喜欢米饭的人的儿子喜欢汤。\nBased on these sentences, what does my father like?','豆腐,粥,汤,米饭','米饭','我喜歡豆腐。\n我弟弟喜歡湯。\n喜欢米飯的人的儿子喜欢湯。\nBased on these sentences, what does my father like?','豆腐,粥,湯,米飯','米飯',8),(12,'妈妈要去超市。\n我要书。\n<strong>白强</strong>的老婆要茶。\n要茶的家人的儿子的老婆要去超市。\nBased on these sentences, who wants tea? ','奶奶,爷爷,我,妈妈','奶奶','妈妈要去超市。\n我要書。\n<strong>白强</strong>的老婆要茶。\n要茶的家人的兒子的老婆要去超市。\nBased on these sentences, who wants tea? ','奶奶,爺爺,我,媽媽','奶奶',8),(13,'我姐姐喜欢意大利菜。\n我爸爸喜欢美国菜。\n喜欢意大利菜的家人的外公喜欢中国菜。\n喜欢中国菜的家人的女儿喜欢英国菜。\nBased on these sentences, what is the relationship \nof the family member that likes British food\nand the family member that likes American food?','喜欢英国菜的家人是喜欢美国菜的家人的老婆。,喜欢英国菜的家人是喜欢美国菜的家人的外婆。,喜欢英国菜的家人是喜欢美国菜的家人的朋友。,喜欢英国菜的家人是喜欢美国菜的家人的姐姐。','喜欢英国菜的家人是喜欢美国菜的家人的老婆。','我姐姐喜歡意大利菜。\n我爸爸喜歡美國菜。\n喜欢意大利菜的家人的外公喜欢中國菜。\n喜欢中國菜的家人的女儿喜欢英國菜。\nBased on these sentences, what is the relationship \nof the family member that likes British food\nand the family member that likes American food?','喜歡英國菜的家人是喜歡美國菜的家人的老婆。,喜歡英國菜的家人是喜歡美國菜的家人的外婆。,喜歡英國菜的家人是喜歡美國菜的家人的朋友。,喜歡英國菜的家人是喜歡美國菜的家人的姐姐。','喜歡英國菜的家人是喜歡美國菜的家人的老婆。',8);
/*!40000 ALTER TABLE `sc_questions` ENABLE KEYS */;
UNLOCK TABLES;

--
-- Table structure for table `translation_questions`
--

DROP TABLE IF EXISTS `translation_questions`;
/*!40101 SET @saved_cs_client     = @@character_set_client */;
/*!50503 SET character_set_client = utf8mb4 */;
CREATE TABLE `translation_questions` (
  `id` int NOT NULL AUTO_INCREMENT,
  `eng_s_sentence` varchar(250) NOT NULL,
  `eng_t_sentence` varchar(250) NOT NULL,
  `chn_s_sentence` varchar(180) NOT NULL,
  `chn_t_sentence` varchar(180) NOT NULL,
  `lesson_id` int NOT NULL,
  PRIMARY KEY (`id`),
  KEY `fk_translateq_lessons_idx` (`lesson_id`),
  CONSTRAINT `fk_translateq_lessons` FOREIGN KEY (`lesson_id`) REFERENCES `lessons` (`id`)
) ENGINE=InnoDB AUTO_INCREMENT=272 DEFAULT CHARSET=utf8mb4 COLLATE=utf8mb4_0900_ai_ci;
/*!40101 SET character_set_client = @saved_cs_client */;

--
-- Dumping data for table `translation_questions`
--

LOCK TABLES `translation_questions` WRITE;
/*!40000 ALTER TABLE `translation_questions` DISABLE KEYS */;
INSERT INTO `translation_questions` VALUES (1,'Hello.','Hello.','你好。','你好。',1),(2,'Hello, Wang Ming (王明).','Hello, Wang Ming (王明).','你好，王明。','你好，王明。',1),(3,'Hello, my name is Wang Ming (王明).','Hello, my name is Wang Ming (王明).','你好，我叫王明。','你好，我叫王明。',1),(4,'I\'m fine.','I\'m fine.','我很好。','我很好。',1),(5,'I\'m fine, and you?','I\'m fine, and you?','我很好，你呢？','我很好，你呢？',1),(6,'Hello, what\'s your name?','Hello, what\'s your name?','你好，你叫什么名字？','你好，你叫什麼名字？',1),(7,'What\'s his name?','What\'s his name?','他叫什么名字？','他叫什麼名字？',1),(8,'What\'s her name?','What\'s her name?','她叫什么名字？','她叫什麼名字？',1),(9,'My name is Wang Ming (王明), and you?','My name is Wang Ming (王明), and you?','我叫王明，你呢？','我叫王明，你呢？',1),(10,'My name is Wang Ming (王明), call me Ming.','My name is Wang Ming (王明), call me Ming.','我叫王明，叫我明。','我叫王明，叫我明。',1),(11,'Nice to meet you.','Nice to meet you.','认识你很高兴。,很高兴认识你。','認識你很高興。,很高興認識你。',1),(12,'I recognise her.','I recognise her.','我认识她。','我認識她。',1),(13,'He recognises Wang Ming (王明).','He recognises Wang Ming (王明).','他认识王明。','他認識王明。',1),(14,'She recognises you.','She recognises you.','她认识你。','她認識你。',1),(15,'Ming (明) recognises me.','Ming (明) recognises me.','明认识我。','明認識我。',1),(16,'See you later.','See you later.','再见。','再見。',1),(17,'See you later, Wang Ming (王明).','See you later, Wang Ming (王明).','再见，王明。','再見，王明。',1),(18,'I am happy.','I am happy.','我很高兴。','我很高興。',1),(19,'How are you?','How are you?','你好吗？','你好嗎？',2),(20,'Good morning, how are you?','Good morning, how are you?','早上好，你好吗？','早上好，你好嗎？',2),(21,'Good evening, what\'s your surname?','Good evening, what\'s your surname?','晚上好，你姓什么？','晚上好，你姓什麼？',2),(22,'Good morning, Zhang Xiaohong (张小红), my name is Wang Ming (王明).','Good morning, Zhang Xiaohong (張小紅), my name is Wang Ming (王明).','早上好，张小红，我叫王明。','早上好，張小虹，我叫王明。',2),(23,'Good evening, are you Li Hualing (李华玲)?','Good evening, are you Li Hualing (李華玲)?','晚上好，你叫李华玲吗？','晚上好，你叫李華玲嗎？',2),(24,'My name is Li Hualing (李华玲), her surname is Zhang (张).','My name is Li Hualing (李華玲), her surname is Zhang (張).','我叫李华玲，她姓张。','我叫李華玲，她姓張。',2),(25,'My surname is Wang (王), how about you?','My surname is Wang (王), how about you?','我姓王，你呢？','我姓王，你呢？',2),(26,'I\'m happy, thanks.','I\'m happy, thanks.','我很高兴，谢谢。','我很高興，謝謝。',2),(27,'I\'m happy, how about you?','I\'m happy, how about you?','我很高兴，你呢？','我很高興，你呢？',2),(28,'You\'re welcome.','You\'re welcome.','不客气。','不客氣。',2),(29,'I\'m sorry, my name isn\'t Xiaohong (小红).','I\'m sorry, my name isn\'t Xiaohong (小紅).','对不起，我不叫小红。','對不起，我不叫小紅。',2),(30,'Don\'t mention it.','Don\'t mention it.','不客气。','不客氣。',2),(31,'It doesn\'t matter.','It doesn\'t matter.','没关系。','沒關係。',2),(32,'I don\'t recognise Wang Ming (王明).','I don\'t recognise Wang Ming (王明).','我不认识王明。','我不認識王明。',2),(33,'Sorry, I don\'t know Li Hualing (李华玲).','Sorry, I don\'t know Li Hualing (李华玲).','对不起，我不认识李华玲。','對不起，我不認識李華玲。',2),(34,'Thanks, Zhang Xiaohong (张小红).','Thanks, Zhang Xiaohong (張小紅).','谢谢你，张小红。','謝謝你，張小虹。',2),(35,'You\'re welcome, Wang Ming (王明). See you later!','You\'re welcome, Wang Ming (王明). See you later!','不客气，王明。再见！','不客氣，王明。再見！',2),(36,'You don\'t know Xiaohong (小红)?','You don\'t know Xiaohong (小紅)?','你不认识小红吗？','你不認識小虹嗎？',2),(37,'Is your surname Li (李)?','Is your surname Li (李)?','你姓李吗？','你姓李嗎？',2),(38,'Is her surname Zhang (张)?','Is her surname Zhang (張)?','她姓张吗？','她姓張嗎？',2),(39,'Is his name Wang Ming (王明)?','Is his name Wang Ming (王明)?','他叫王明吗？','他叫王明嗎',2),(40,'Correct, my name is Li Hualing (李华玲).','Correct, my name is Li Hualing (李華玲).','对，我叫李华玲。','對，我叫李華明。',2),(41,'Are you Ming (明)?','Are you Ming (明)?','你叫明吗？','你叫明嗎？',2),(42,'That\'s not right, my surname is not Zhang (张).','That\'s not right, my surname is not Zhang (張).','不对，我不姓张。','不對，我不姓張。',2),(43,'Wang (王) is my surname, not Li (李).','Wang (王) is my surname, not Li (李).','我姓王，不姓李。','我姓王，不姓李。',2),(44,'My name is Zhang Xiaohong (张小红), Li (李) is not my surname.','My name is Zhang Xiaohong (張小虹), Li (李) is not my surname.','我叫张小红，不姓李。','我叫張小紅，我不姓李。',2),(45,'Thank you, goodbye.','Thank you, goodbye.','谢谢，再见。','謝謝，再見。',2),(46,'What do you want?','What do you want?','你要什么？','你要什麼？',3),(47,'What does he like?','What does he like?','他要什么？','他要什麼？',3),(48,'I want rice.','I want rice.','我要米饭。','我要米飯。',3),(49,'You like tea.','You like tea.','你喜欢茶。','你喜歡茶。',3),(50,'Xiaohong (小红) likes tofu and iced tea.','Xiaohong (小紅) likes tofu and iced tea.','小红喜欢豆腐和冰茶。','小紅喜歡豆腐和冰茶。',3),(51,'He wants congee and hot tea.','He wants congee and hot tea.','他要粥和热茶。','他要粥和熱茶。',3),(52,'I don’t like soup.','I don’t like soup.','我不喜欢汤。','我不喜歡湯。',3),(53,'Hualing (华玲) doesn’t want iced coffee.','Hualing (華玲) doesn’t want iced coffee.','华玲不要冰咖啡。','華玲不要冰咖啡。',3),(54,'She wants hot water, she doesn’t want soup. ','She wants hot water, she doesn’t want soup. ','她要热水，她不要汤。','她要熱水，她不要湯。',3),(55,'Ming (明) likes hot tea and soup, he does not like tofu and coffee.','Ming (明) likes hot tea and soup, he does not like tofu and coffee.','明喜欢热茶和汤，他不要豆腐和咖啡。','明喜歡熱茶和湯，他不要豆腐和咖啡。',3),(56,'Do you want iced water?','Do you want iced water?','你要冰水吗？','你要冰水嗎？',3),(57,'Does Zhang Xiaohong (张小红) like hot coffee? ','Does Zhang Xiaohong (張小紅) like hot coffee? ','张小红喜欢热咖啡吗？','張小紅喜歡熱咖啡嗎？',3),(58,'This is tea.','This is tea.','这是茶。','這是茶。',3),(59,'That is congee.','That is congee.','那是粥。','那是粥。',3),(60,'This is tofu and hot tea.','This is tofu and hot tea.','这是豆腐和热茶。','這是豆腐和熱茶。',3),(61,'That is rice and iced coffee.','That is rice and iced coffee.','那是米饭和冰咖啡。','那是米飯和冰咖啡。',3),(62,'Is this rice? ','Is this rice? ','这是米饭吗？','這是米飯嗎？',3),(63,'Is that water? ','Is that water?','那是水吗？','那是水嗎？',3),(64,'Is this Wang Ming’s (王明) soup? ','Is this Wang Ming’s (王明) soup? ','这是王明的汤吗？','這是王明的湯嗎？',3),(65,'That is not Li Hualing’s (李华玲) iced tea.','That is not Li Hualing’s (李華玲) iced tea.','那不是李华玲的冰茶。','那不是李華玲的冰茶。',3),(66,'That is not rice, this is rice.','That is not rice, this is rice.','那不是米饭，这是米饭。','那不是米飯，這是米飯。',3),(67,'This isn’t coffee, that is tea. ','This isn’t coffee, that is tea. ','这不是咖啡，那是茶。','這不是咖啡，那是茶。',3),(68,'This isn’t congee, this is rice. ','This isn’t congee, this is rice. ','这不是粥，这是米饭。','這不是周，這是米飯。',3),(69,'That isn’t soup, that is congee.','That isn’t soup, that is congee.','那不是汤，那是粥。','那不是湯，那是周。',3),(70,'That is Wang Ming’s (王明) tea, not Li Hualing’s (李华玲). ','That is Wang Ming’s (王明) tea, not Li Hualing’s (李華玲). ','这是王明的茶，不是李华玲的。','這是王明的茶，不是李華玲的。',3),(71,'This is my coffee, not Xiaohong’s (小红) coffee.','This is my coffee, not Xiaohong’s (小紅) coffee.','这是我的咖啡，不是小红的咖啡。','這是我的咖啡，不是小紅的咖啡。',3),(72,'No, I don’t want tofu. ','No, I don’t want tofu. ','不要，我不喜欢豆腐。','不要，我不喜欢豆腐。',3),(73,'Do you like congee?','Do you like congee?','你喜欢粥吗？','你喜歡粥嗎？',3),(74,'What is this?','What is this?','这是什么？','這是什麼？',3),(75,'What is that?','What is that?','那是什么？','那是什麼？',3),(76,'Hi, how are you?','Hi, how are you?','嗨，你好吗？','嗨，你好嗎？',4),(77,'Hi, I am Thai.','Hi, I am Thai.','嗨，我是泰国人。','嗨，我是泰國人。',4),(78,'My name is Kevin (凯文), I am American. ','My name is Kevin (凱文), I am American. ','我叫凯文，我是美国人。','我叫凱文，我是美國人。',4),(79,'I know Wang Dazhong (王大中), he is Chinese.','I know Wang Dazhong (王大中), he is Chinese.','我认识王大中，他是中国人。','我認識王大中，他是中國人。',4),(80,'Is that Thailand?','Is that Thailand?','那是泰国吗？','那是泰國嗎？',4),(81,'Is this Australia?','Is this Australia?','这是澳大利亚吗？','這是澳大利亞嗎？',4),(82,'This is the United Kingdom, that is France.','This is the United Kingdom, that is France.','这是英国，那是法国。','這是英國，那是法國。',4),(83,'I’m Korean, and you? ','I’m Korean, and you? ','我是韩国人，你呢？','我是韓國人，你呢？',4),(84,'I’m Australian, she’s British. ','I’m Australian, she’s British. ','我是澳大利亚人，她是英国人。','我是澳大利亞人，她是英國人。',4),(85,'Call me Lou (卢), I’m French.','Call me Lou (盧), I’m French.','叫我卢，我是法国人。','叫我盧，我是法國人。',4),(86,'That is not South Korea, that is Germany. ','That is not South Korea, that is Germany. ','那不是韩国，那是德国。','那不是韓國，那是德國。',4),(87,'Marco (马克) is not German, he is Italian.','Marco (馬克) is not German, he is Italian.','马克不是德国人，他是意大利人。','馬克不是德國人，他是意大利人。',4),(88,'Are you American?','Are you American?','你是美国人吗？','你是美國人嗎？',4),(89,'Is he Chinese?','Is he Chinese?','他是中国人吗？','他是中國人嗎？',4),(90,'Is she Italian?','Is she Italian?','她是意大利人吗？','她是意大利人嗎？',4),(92,'Hi, I’m Marco (马克), I am a lawyer. She is Li Hualing (李华玲), she is a dentist.','Hi, I’m Marco (馬克), I am a lawyer. She is Li Hualing (李華玲), she is a dentist.','嗨，我叫马克，我是律师。她叫李华玲，她是牙医。','嗨，我叫馬克，我是律師。她叫李華玲，她是牙醫。',5),(94,'I am Chinese. I am a Chinese medicine practitioner.','I am Chinese. I am a Chinese medicine practitioner.','我是中国人。我是中医。','我是中國人。我是中醫。',5),(95,'Correct, Lou (卢) is a doctor.','Correct, Lou (盧) is a doctor.','对，卢是医生。','對，盧是醫生。',5),(97,'Wang Dazhong (王大中) is a server. He likes tofu. ','Wang Dazhong (王大中) is a server. He likes tofu. ','王大中是服务员。他喜欢豆腐。','王大腫是服務員。他喜歡豆腐。',5),(98,'Are you a painter?','Are you a painter?','你是画家吗？,你是不是画家？','你是畫家嗎？,你是不是畫家？',5),(99,'Is he a doctor?','Is he a doctor?','他是医生吗？,他是不是医生？','他是醫生嗎？,他是不是醫生？',5),(100,'Is she a teacher?','Is she a teacher?','她是老师吗？,她是不是老师？','她是老師嗎？,她是不是老師？',5),(101,'I speak Chinese. I study Korean. ','I speak Chinese. I study Korean. ','我说汉语。我学韩语。','我說漢語。我學韓語。',5),(102,'I am Canadian. I study Japanese.','I am Canadian. I study Japanese.','我是加拿大人。我学日语。,我是加拿大人。我学日文。','我是加拿大人。我學日語。,我是加拿大人。我學日文。',5),(103,'I am Thai. I am an English teacher. I speak French. ','I am Thai. I am an English teacher. I speak French. ','我是泰国人。我是英语老师。我说法语。,我是泰国人。我是英文老师。我说法语。','我是泰國人。我是英語老師。我說法語。,我是泰國人。我是英文老師。我說法語。',5),(104,'He is American. He studies Japanese. He speaks Italian.','He is American. He studies Japanese. He speaks Italian.','他是美国人。他学日语。他说意大利语。,他是美国人。他学日文。他说意大利语。','他是美國人。他學日語。他說義大利語。,他是美國人。他學日文。他說義大利語。',5),(105,'She speaks German and Thai.','She speaks German and Thai.','她说德语和泰语。','她說德語和台語。',5),(106,'You study English and Italian, right?','You study English and Italian, right?','你学英语和意大利语，对不对？,你学英文和意大利文，对不对？','你學英語和義大利語，對不對？,你學英文和義大利文，對不對？',5),(107,'Are you a university student? You are Australian, right? ','Are you a university student? You are Australian, right? ','你是大学生吗？你是澳大利亚人，对不对？,你是不是大学生？你是澳大利亚人，对不对？','你是大學生嗎？你是澳大利亞人，對不對？,你是不是大學生？你是澳大利亞人，對不對？',5),(108,'I am Chinese. I am a middle school student.','I am Chinese. I am a middle school student.','我是中国人。我是中学生。','我是中國人。我是中學生。',5),(109,'An American speaks English. An Australian speaks English. A British person speaks English. A Canadian speaks English. ','An American speaks English. An Australian speaks English. A British person speaks English. A Canadian speaks English. ','美国人说英语。澳大利亚人说英语。英国人说英语。加拿大人说英语。','美國人說英語。澳大利亞人說英語。英國人說英語。加拿大人說英語。',5),(110,'A Chinese person studies Chinese. A Japanese person studies Japanese. A Korean person studies Korean. A Thai person studies Thai. ','A Chinese person studies Chinese. A Japanese person studies Japanese. A Korean person studies Korean. A Thai person studies Thai. ','中国人学汉语。日本人学日语。韩国人学韩语。泰国人学泰语。,中国人学中文。日本人学日文。韩国人学韩文。泰国人学泰文。','中國人學漢語。日本人學日語。韓國人學韓語。泰國人學台語。,中國人學中文。日本人學日文。韓國人學韓文。泰國人學台文。',5),(111,'A French person speaks Thai. A German person studies Italian. A Japanese person speaks English. A Canadian studies Korean. ','A French person speaks Thai. A German person studies Italian. A Japanese person speaks English. A Canadian studies Korean. ','法国人说泰语。德国人学意大利语。日本人说英语。加拿大人学韩语。,法国人说泰文。德国人学意大利文。日本人说英文。加拿大人学韩文。','法國人説泰語。德國人學義大利語。日本人說英語。加拿大人學韓語。,法國人説泰文。德國人學義大利文。日本人說英文。加拿大人學韓文。',5),(115,'Does she speak Chinese?','Does she speak Chinese?','她说韩语吗？','她說韓語嗎？',5),(116,'Does he study Japanese? ','Does he study Japanese? ','他学日语吗？','他學日語嗎？',5),(117,'I am a university student. He is a high school student. She is an elementary student.','I am a university student. He is a high school student. She is an elementary student.','我是大学生。他是中学生。她是小学生。','我是大學生。他是中學生。她是小學生。',5),(118,'I am not a chef.','I am not a chef.','我不是厨师。','我不是廚師。',5),(119,'She does not speak English.','She does not speak English.','她不说英语。','她不說英語。',5),(120,'You do not study French.','You do not study French.','你不学法语。,你不学法文。','你不學法語。,你不學法文。',5),(121,'He is not an Italian teacher, he is a Japanese teacher.','He is not an Italian teacher, he is a Japanese teacher.','他不是意大利语老师，他是日语老师。,他不是意大利文老师，他是日文老师。','他不是意大利語老師，他是日語老師。,他不是意大利文老師，他是日文老師。',5),(157,'What do you want to drink?			','What do you want to drink?','你要喝什么？','你要喝什麼？',6),(158,'What do you want to eat?','What do you want to eat?','你要吃什么？','你要吃什麼？',6),(159,'What do you like to eat? What do you like to drink?','What do you like to eat? What do you like to drink?','你喜欢吃什么？你喜欢喝什么？','你喜歡吃什麼？你喜歡喝什麼？',6),(160,'I like to eat American food. I like hamburgers.','I like to eat American food. I like hamburgers.','我喜欢吃美国菜。我喜欢汉堡包。,我喜欢吃美国菜。我喜欢汉堡。','我喜歡吃美國菜。我喜欢漢堡包。,我喜欢吃美國菜。我喜歡漢堡。',6),(162,'You drink iced water.','You drink iced water.','你喝冰水。','你喝冰水。',6),(164,'Lou (卢) drinks soup.','Lou (盧) drinks soup.','卢喝汤。','盧喝湯。',6),(168,'The teacher wants to teach the class.','The teacher wants to teach the class.','老师要上课。','老師要上課。',6),(169,'Kevin (凯文) likes to go online to study mathematics and music.','Kevin (凱文) likes to go online to study mathematics and music.','凯文喜欢上网学习数学和音乐。','凱文喜欢上網学習數學和音樂。',6),(170,'I don’t eat British food. I don’t drink tea.','I don’t eat British food. I don’t drink tea.','我不吃英国菜。我不喝茶。','我不吃英國菜。我不喝茶。',6),(171,'Congee is Chinese food, right?','Congee is Chinese food, right?','粥是中国菜，对不对？','粥是中國菜，對不對？',6),(172,'Rice is Japanese and Korean food。','Rice is Japanese and Korean food。','米饭是日本菜和韩国菜。','米飯是日本菜和韓國菜。',6),(174,'She doesn’t want to eat Thai food.','She doesn’t want to eat Thai food.','她不要吃泰国菜。','她不要吃泰國菜。',6),(176,'Luke (卢克) attends online class. He studies Japanese. [Use formal term.]','Luke (盧克) attends online class. He studies Japanese. [Use formal term.]','卢克上网课。他学习日语。,卢克上网课。他学习日文。','盧克上網課。他學習日語。,卢克上網課。他學習日文。',6),(178,'A chef wants to study music. He studies music online.','A chef wants to study music. He studies music online.','厨师要学习音乐。他上网学习音乐。,厨师要学习音乐。他上网学音乐。,厨师要学音乐。他上网学音乐。','廚師要學習音樂。他上網學習音樂。,廚師要學習音樂。他上網學音樂。,廚師要學音樂。他上網學音樂。',6),(179,'He likes singing. You like running.','He likes singing. You like running.','他喜欢唱歌。你喜欢跑步。','他喜歡唱歌。你喜歡跑步。',6),(180,'She likes dancing. I like going online.','She likes dancing. I like going online.','她喜欢跳舞。我喜欢上网。','她喜歡跳舞。我喜歡上網。',6),(181,'You like mathematics. She likes music.','You like mathematics. She likes music.','你喜欢数学。她喜欢音乐。','你喜歡數學。她喜歡音樂。',6),(182,'I am German. You speak German. He wants to study German. She likes German food. [Use formal term.]','I am German. You speak German. He wants to study German. She likes German food. [Use formal term.]','我是德国人。你说德语。他要学习德语。她喜欢德国菜。,我是德国任。你说德语。他要学习德文。她喜欢德国菜。','我是德國人。你說德語。他要學習德語。她喜歡德國菜。,我是德國人。你說德語。他要學習德文。她喜歡德國菜。',6),(183,'I don’t like attending class. I want to study online.','I don’t like attending class. I want to study online.','我不喜欢上课。我要上网学习。','我不喜歡上課。我要上網學習。',6),(184,'I want to dance and run.','I want to dance and run.','我要跳舞和跑步。','我要跳舞和跑步。',6),(186,'What does he study online?','What does he study online?','他上网学习什么？,他上网学什么？','他上網學習什麼？,他上網學什麼？',6),(187,'What classes does she attend?','What classes does she attend?','她上什么课？','她上什麼課？',6),(188,'I am Canadian. You study Thai. He wants to speak Korean. She likes Australian food. [Use formal term.]','I am Canadian. You study Thai. He wants to speak Korean. She likes Australian food. [Use formal term.]','我是加拿大人。你学习泰语。他要说韩语。她喜欢澳大利亚菜。,我是加拿大人。你学习泰文。他要说韩语。她喜欢澳大利亚菜。','我是加拿大人。你學習泰語。他要說韓語。她喜歡澳大利亞菜。,我是加拿大人。你學習泰文。他要说漢語。她喜欢澳大利亞菜。',6),(189,'You are Japanese. I want French food. She likes Canadian food. He speaks Italian.','You are Japanese. I want French food. She likes Canadian food. He speaks Italian.','你是日本人。我要法国菜。她喜欢加拿大菜。他说意大利语。','你是日本人。我要法國菜。她喜歡加拿大菜。他說意大利語。',6),(190,'He wants to dance, he doesn’t like to sing.','He wants to dance, he doesn’t like to sing.','他要跳舞，他不唱歌。','他要跳舞，他不喜歡唱歌。',6),(191,'He goes to the Asian supermarket to buy Japanese snacks.','He goes to the Asian supermarket to buy Japanese snacks.','他去亚洲超市买日本零食。','他去亞洲超市買日本零食。',7),(192,'I am a university student. I go to Australia to study.','I am a university student. I go to Australia to study.','我是大学生。我去澳大利亚学习。','我是大學生。我去澳大利亞學習。',7),(193,'The teacher frequently goes to Canada to study English.','The teacher frequently goes to Canada to study English.','老师常常去加拿大学习英文。,老师常常去加拿大学英文。,老师常常去加拿大学习英语。,老师常常去加拿大学英语。','老师常常去加拿大學習英文。,老师常常去加拿大學英文。,老师常常去加拿大學習英語。,老师常常去加拿大學英語。',7),(194,'You listen to music. I read books.','You listen to music. I read books.','你听音乐。我看书。','你聽音樂。我看書。',7),(195,'Ming (明) reads mathematics books. Kevin (凯文) likes to read music books. Hualing (华玲) often reads Italian books. Maya (玛雅) wants to read Chinese books. ','Ming (明) reads mathematics books. Kevin (凱文) likes to read music books. Hualing (華玲) often reads Italian books. Maya (瑪雅) wants to read Chinese books. ','明看数学书。凯文喜欢看音乐书。华玲常常看意大利文书。玛雅要看中文书。','明看書學書。凱文喜歡看音樂書。華玲常常看義大利文書。瑪雅要看中文書。',7),(196,'Luke (卢克) often goes to the Australian bookstore to buy mathematics books. ','Luke (盧克) often goes to the Australian bookstore to buy mathematics books. ','卢克常常去澳大利亚书店买数学书。','盧克常常去澳大利亞書店買數學書。',7),(197,'Lou (卢) and Xiaohong (小红) go to the diner to eat dinner.','Lou (盧) and Xiaohong (小紅) go to the diner to eat dinner.','卢和小红去饭馆吃晚饭。','盧和小紅去飯館吃晚飯。',7),(198,'Wang Dazhong (大中) often goes to the market to buy British food products. ','Wang Dazhong (大中) often goes to the market to buy British food products. ','王大中常常去市场买英国食品。','王大腫常常去市場買英國食品。',7),(199,'The lawyer often goes online to study mathematics.','The lawyer often goes online to study mathematics.','律师常常上网学习数学。','律師常常上網學習數學。',7),(200,'Wang Ming (王明) often goes to the bookstore to buy books. He likes to buy mathematics books and Spanish books.','Wang Ming (王明) often goes to the bookstore to buy books. He likes to buy mathematics books and Spanish books.','王明常常去书店买书。他喜欢买数学书和西班牙文书。','王明常常去書店買書。他喜歡買書學書和西班牙文書。',7),(201,'The chef goes to the supermarket to buy food products.','The chef goes to the supermarket to buy food products.','厨师去超市买食品。','廚師去超市買食品。',7),(202,'Zhang Xiaohong (张小红) goes to the snack store to buy Korean snacks.','Zhang Xiaohong (張小紅) goes to the snack store to buy Korean snacks.','张小红去零食店买韩国零食。','張小紅去零食店買韓國零食。',7),(203,'He rarely goes to the café to drink coffee. She and her friend often go to the teahouse to drink tea. ','He rarely goes to the café to drink coffee. She and her friend often go to the teahouse to drink tea. ','他不常去咖啡店喝咖啡。她和她的朋友常常去茶馆喝茶。','她不常去咖啡店喝咖啡。她和她的朋友常常去茶館喝茶。',7),(204,'I know Li Hualing (李华玲), she is my friend.','I know Li Hualing (李華玲), she is my friend.','我认识李华玲，她是我的朋友。','我認識李華玲，她是我的朋友。',7),(205,'I go to the bookstore to buy books. He goes online to buy books.','I go to the bookstore to buy books. He goes online to buy books.','我去书店买书。他上网买书。','我去書店買書。他上網買書。',7),(206,'My friend goes to the American supermarket to buy snacks and coffee.','My friend goes to the American supermarket to buy snacks and coffee.','我的朋友去美国超市买零食和咖啡。','我的朋友去美國超市買零食和咖啡。',7),(207,'Maya (玛雅) goes to the market to buy uncooked rice.','Maya (瑪雅) goes to the market to buy uncooked rice.','玛雅去市场买米。','瑪雅去市場買米。',7),(208,'Uncooked rice is a food product. Rice is a dish. ','Uncooked rice is a food product. Rice is a dish. ','米是食品。米饭食菜。','米是食品。米飯食菜。',7),(209,'My friend is a Chinese medicine practictioner. ','My friend is a Chinese medicine practictioner. ','我的朋友是中医。,我的朋友是中医师。','我的朋友是中醫。,我的朋友是中醫師。',7),(210,'I don’t often go to the teahouse. I don’t like hot tea. ','I don’t often go to the teahouse. I don’t like hot tea. ','我不常去茶馆。我不喜欢热茶。','我不常去茶館。我不喜歡熱茶。',7),(211,'My friend and I frequently go to the café. He drinks hot coffee, I drink iced coffee. ','My friend and I frequently go to the café. He drinks hot coffee, I drink iced coffee. ','我和我的朋友常常去咖啡店。他喝热咖啡，我喝冰咖啡。','我和我的朋友常常去咖啡店。他喝熱咖啡，我喝冰咖啡。',7),(212,'What book do you want to buy?','What book do you want to buy?','你要买什么书？','你要買什麼書？',7),(213,'This is a mathematics book. That is a music book.','This is a mathematics book. That is a music book.','这是数学书。那是音乐书。','這是書學書。那是音樂書。',7),(214,'That is a Canadian snack. This is a Spanish dish.','That is a Canadian snack. This is a Spanish dish.','那是加拿大零食。这是西班牙菜。','那是加拿大零食。這是西班牙菜。',7),(215,'Hello, I am Wang Dazhong (王大中). This is my younger brother.','Hello, I am Wang Dazhong (王大中). This is my younger brother.','你好，我叫王大中。这是我弟弟。,你好，我叫王大中。这是我的弟弟。','你好，我叫王大中。這是我弟弟。,你好，我叫王大中。這是我的弟弟。',8),(216,'Hi, I am Kevin (凯文). That is my older sister.','Hi, I am Kevin (凱文). That is my older sister.','嗨，我叫凯文。那是我姐姐。,嗨，我叫凯文。那是我的姐姐。','嗨，我叫凱文。那是我姐姐。,嗨，我叫凱文。那是我的姐姐。',8),(217,'My family likes to travel.','My family likes to travel.','我家喜欢旅行。,我的家喜欢旅行。','我家喜歡旅行。,我的家喜歡旅行。',8),(218,'His paternal grandmother likes to study traditional Chinese medicine. She is also a traditional Chinese medicine teacher.','His paternal grandmother likes to study traditional Chinese medicine. She is also a traditional Chinese medicine teacher.','他的奶奶喜欢学中医，她也是中医老师。,他的奶奶喜欢学习中医，她也是中医老师。','他的奶奶喜欢学中醫，她也是中醫老師。,他的奶奶喜欢学習中醫，她也是中醫老師。',8),(219,'My maternal grandmother is my mum’s friend, teacher and mother. ','My maternal grandmother is my mum’s friend, teacher and mother. ','我老婆是我妈妈的朋友、老师和妈妈。,我的老婆是我的妈妈的朋友、老师和妈妈。,我老婆是我妈妈的朋友和老师和妈妈。,我的老婆是我的妈妈的朋友和老师和妈妈。','我老婆是我媽媽的朋友、老師和媽媽。,我的老婆是我的媽媽的朋友、老師和媽媽。,我老婆是我媽媽的朋友和老師和媽媽。,我的老婆是我的媽媽的朋友和老師和媽媽。',8),(220,'Everyone likes iced water.','Everyone likes iced water.','大家喜欢冰水。','大家喜歡冰水。',8),(221,'Kevin (凯文) likes music. Kevin’s father is a music teacher. Kevin’s mother is a chef. Kevin is also a chef. ','Kevin (凱文) likes music. Kevin’s father is a music teacher. Kevin’s mother is a chef. Kevin is also a chef. ','凯文喜欢音乐。凯文的爸爸是音乐老师。凯文的妈妈是厨师。凯文也是厨师。','凱文喜歡音樂。凱文的爸爸是音樂老師。凱文的媽媽是廚師。凱文也是廚師。',8),(222,'Your older brother and younger sister go to the diner.','Your older brother and younger sister go to the diner.','你哥哥和你妹妹去饭馆。,你的哥哥和你的妹妹去饭馆。','你哥哥和你妹妹去飯館。,你的哥哥和你的妹妹去飯館。',8),(223,'Her paternal grandmother wants hot water. Her paternal grandfather wants hot tea.','Her paternal grandmother wants hot water. Her paternal grandfather wants hot tea.','她的奶奶要热水。她的爷爷要热茶。','她的奶奶要熱水。她的爺爺要熱茶。',8),(224,'His older sister and younger brother goes to the supermarket to buy snacks.','His older sister and younger brother goes to the supermarket to buy snacks.','他的姐姐和他的弟弟去超市买零食。','他的姐姐和他的弟弟去超市買零食。',8),(225,'Li Hualing’s (李华玲) maternal grandfather likes to read books. Her maternal grandmother often goes to the Asian supermarket. ','Li Hualing’s (李華玲) maternal grandfather likes to read books. Her maternal grandmother often goes to the Asian supermarket. ','李华玲的外公喜欢看书。她的外婆常常去亚洲超市。','李華玲的外公喜歡看書。她的外婆常常去亚洲超市。',8),(226,'This is Wang Ming’s (王明) family. That is the Guidi (桂迪) family. The Wang family and the Guidi family are friends.','This is Wang Ming’s (王明) family. That is the Guidi (桂迪) family. The Wang family and the Guidi family are friends.','这是王明的家人。那是桂迪家。王家和桂迪家是朋友。','這是王明的家人。那是桂迪家。王家和桂迪家是朋友。',8),(227,'His wife is a painter. His son is a university student.','His wife is a painter. His son is a university student.','他的老婆是画家。他的儿子是大学生。','他的老婆是華家。他的兒子是大學生。',8),(228,'Her husband is a dentist. Her daughter is a middle school student.','Her husband is a dentist. Her daughter is a middle school student.','她的老公是牙医。她的女儿是中学生。','她的老公是牙醫。她的女兒是中學生。',8),(229,'Really? Xiaohong’s (小红) dad does not like tofu? ','Really? Xiaohong’s (小紅) dad does not like tofu? ','真的吗？小红的爸爸不喜欢豆腐？','真的吗？小紅的爸爸不喜歡豆腐？',8),(230,'Mary’s (玛丽) younger sister is an elementary school student.','Mary’s (瑪麗) younger sister is an elementary school student.','玛丽的妹妹是小学生。','瑪麗的妹妹是小學生。',8),(231,'Maya’s (玛雅) older brother goes to Canada to travel. Is it true? ','Maya’s (瑪雅) older brother goes to Canada to travel. Is it true? ','玛雅的哥哥去加拿大旅游。是真的吗？,玛雅的哥哥去加拿大旅游。真的吗？','瑪雅的哥哥去加拿大旅游。是真的嗎？,瑪雅的哥哥去加拿大旅游。真的嗎？',8),(232,'Lou (卢) and her maternal grandfather goes to the teahouse.','Lou (盧) and her maternal grandfather goes to the teahouse.','卢和她的外公去茶馆。','盧和她的外公去茶館。',8),(233,'Mama and Papa go to the market.','Mama and Papa go to the market.','妈妈和爸爸去市场。','媽媽和爸爸去市場。',8),(234,'Luke (卢克) likes coffee. Does his older brother also like coffee? ','Luke (盧克) likes coffee. Does his older brother also like coffee? ','卢克喜欢咖啡。他的哥哥也喜欢咖啡吗？','盧克喜歡咖啡。她的哥哥也喜歡咖啡嗎？',8),(235,'My son likes to eat Japanese snacks. My daughter likes to read Korean books.','My son likes to eat Japanese snacks. My daughter likes to read Korean books.','我儿子喜欢吃日本零食。我女儿喜欢看韩国书。,我的儿子喜欢吃日本零食。我的女儿喜欢看韩国书。','我兒子喜歡吃日本零食。我女兒喜欢看韓國书。,我的兒子喜歡吃日本零食。我的女兒喜欢看韓國书。',8),(253,'I often go to the tea shop to buy tea. [Use casual term.]','I often go to the tea shop to buy tea. [Use casual term.]','我常常去茶店买茶。','我常常去茶店买茶。',9),(254,'He often goes to the tea shop to buy tea products. [Use formal term.]','He often goes to the tea shop to buy tea products. [Use formal term.]','他常常去茶店买茶产品。','他常常去茶店買茶產品。',9),(255,'She rarely goes to the milk tea shop to buy tea. ','She rarely goes to the milk tea shop to buy tea. ','她不常去奶茶店买茶。','她不常去奶茶店買茶。',9),(256,'Please give Papa one cup of coffee. [Use polite form.]','Please give Papa one cup of coffee. [Use polite form.]','请给爸爸一杯咖啡。','請給爸爸一杯咖啡。',9),(257,'Kevin (凯文), bring me that cup of green tea. [Use casual form.]','Kevin (凱文), bring me that cup of green tea. [Use casual form.]','凯文，来那杯绿茶吧。','凱文，來那杯绿茶吧。',9),(258,'Waiter, please give me two cups of iced tea. Thank you. [Use polite form.]','Waiter, please give me two cups of iced tea. Thank you. [Use polite form.]','服务员，请给我两杯冰茶。谢谢。','服務員，請給我兩杯冰茶。謝謝。',9),(259,'Good morning, please give me three cups of iced coffee with extra ice. [Use polite form.]','Good morning, please give me three cups of iced coffee with extra ice. [Use polite form.]','早上好，请给我三杯加冰的冰咖啡。','早上好，請給我三杯加冰的冰咖啡。',9),(260,'Good evening, please give me hot tea. Thank you. [Use polite form.]','Good evening, please give me hot tea. Thank you. [Use polite form.]','晚上好，请给我热茶。谢谢。','晚上好，請給我熱茶。謝謝。',9),(261,'Hi, I want milk tea. ','Hi, I want milk tea. ','嗨，我要奶茶。','嗨，我要奶茶。',9),(262,'Please give Zhang Xiaohong (张小红) a cup of hot coffee with milk, give Marco Guidi (马克·桂迪) a cup of milk with ice and give Lou Arnoux (卢·阿尔诺) a cup of milk tea with sugar. [Use polite form.]','Please give Zhang Xiaohong (張小紅) a cup of hot coffee with milk, give Marco Guidi (馬克·桂迪) a cup of milk with ice and give Lou Arnoux (盧·阿爾諾) a cup of milk tea with sugar. [Use polite form.]','请给张小红一杯加牛奶的热咖啡，给马克·桂迪一杯加冰的牛奶，给卢·阿尔诺一杯加糖的奶茶。','請給張小紅一杯加牛奶的熱咖啡，给馬克·桂迪一杯加冰的牛奶，給盧·阿爾諾一杯加糖的奶茶。',9),(263,'I don’t want to add milk or sugar, thanks. ','I don’t want to add milk or sugar, thanks. ','我不要加牛奶，也不要加糖，谢谢。','我不要加牛奶，也不要加糖，謝謝。',9),(264,'She wants to add ice. ','She wants to add ice. ','她要加冰。','她要加冰。',9),(265,'Please give my younger brother a cup of coffee, with sugar. [Use polite form.]','Please give my younger brother a cup of coffee, with sugar. [Use polite form.]','请给我弟弟一杯咖啡，加糖。,请给我的弟弟一杯咖啡，加糖。','請給我弟弟一杯咖啡，加糖。,請給我的弟弟一杯咖啡，加糖。',9),(266,'Please give my older brother an extra large cup of coffee with no sugar, give my maternal grandmother a medium cup of iced tea with no ice and give me iced water. [Use polite form.]','Please give my older brother an extra large cup of coffee with no sugar, give my maternal grandmother a medium cup of iced tea with no ice and give me iced water. [Use polite form.]','请给我哥哥一杯不加糖的超大杯咖啡，给我外婆一杯不加冰的中杯冰茶，给我冰水。,请给我的哥哥一杯不加糖的超大杯咖啡，给我的外婆一杯不加冰的中杯冰茶，给我冰水。','請給我哥哥一杯不加糖的超大杯咖啡，給我外婆一杯不加冰的中杯冰茶，給我冰水。,請給我的哥哥一杯不加糖的超大杯咖啡，給我的外婆一杯不加冰的中杯冰茶，給我冰水。',9),(267,'Oh no, he doesn’t want sugar!','Oh no, he doesn’t want sugar!','哎呀，他不要糖！','哎呀，他不要糖！',9),(268,'Oops, that’s not my green tea.','Oops, that’s not my green tea.','哎呀，那不是我的绿茶。','哎呀，那不是我的綠茶。',9),(269,'My younger sister often goes to the milk tea shop to buy a small cup of hot tea.','My younger sister often goes to the milk tea shop to buy a small cup of hot tea.','我的妹妹常常去奶茶店买一杯小杯热茶。','我的妹妹常常去奶茶店买一杯小杯熱茶。',9),(270,'Luke (卢克) often buys a large cup of coffee. I often buy a medium cup of hot milk.','Luke () often buys a large cup of coffee. I often buy a medium cup of hot milk.','卢克常常买一杯大杯咖啡。我常常买一杯中杯热牛奶。','卢克常常買一杯大杯咖啡。我常常買一杯中杯热牛奶。',9),(271,'Please give me two cups of coffee, one with sugar, one with milk. [Use polite form.]','Please give me two cups of coffee, one with sugar, one with milk. [Use polite form.]','请给我两杯咖啡，一杯加糖，一杯加牛奶。','请给我兩杯咖啡，一杯加糖，一杯加牛奶。',9);
/*!40000 ALTER TABLE `translation_questions` ENABLE KEYS */;
UNLOCK TABLES;

--
-- Table structure for table `vocabulary`
--

DROP TABLE IF EXISTS `vocabulary`;
/*!40101 SET @saved_cs_client     = @@character_set_client */;
/*!50503 SET character_set_client = utf8mb4 */;
CREATE TABLE `vocabulary` (
  `id` int NOT NULL AUTO_INCREMENT,
  `s_hanzi` varchar(8) NOT NULL,
  `t_hanzi` varchar(8) NOT NULL,
  `pinyin` varchar(50) NOT NULL,
  `meaning` varchar(150) NOT NULL,
  `question_phrase` varchar(50) DEFAULT NULL,
  `eng_s_notes` varchar(500) DEFAULT NULL,
  `eng_t_notes` varchar(500) DEFAULT NULL,
  `is_ambiguous` int DEFAULT '0',
  `introduced_in_lesson` int NOT NULL,
  PRIMARY KEY (`id`),
  KEY `fk_vocabs_lessons_idx` (`introduced_in_lesson`),
  CONSTRAINT `fk_vocabs_lessons` FOREIGN KEY (`introduced_in_lesson`) REFERENCES `lessons` (`id`)
) ENGINE=InnoDB AUTO_INCREMENT=212 DEFAULT CHARSET=utf8mb4 COLLATE=utf8mb4_0900_ai_ci;
/*!40101 SET character_set_client = @saved_cs_client */;

--
-- Dumping data for table `vocabulary`
--

LOCK TABLES `vocabulary` WRITE;
/*!40000 ALTER TABLE `vocabulary` DISABLE KEYS */;
INSERT INTO `vocabulary` VALUES (1,'我','我','wǒ','I, me','I (pronoun)',NULL,NULL,0,1),(2,'你','你','nǐ','you','you',NULL,NULL,0,1),(3,'他','他','tā','he, him','he',NULL,NULL,1,1),(4,'她','她','tā','she, her','she','While this word is pronounced like 他 (he), there is a distinction when writing this character down, having the radical for girl (女) instead of person (人).','While this word is pronounced like 他 (he), there is a distinction when writing this character down, having the radical for girl (女) instead of person (人).',1,1),(5,'好','好','hǎo','to be good, to be fine','to be good','This term is also used as “Hello”, but is more frequently used to mean “good”.','This term is also used as “Hello”, but is more frequently used to mean “good”.',0,1),(6,'你好','你好','nǐhǎo','Hello','Hello',NULL,NULL,0,1),(7,'叫','叫','jiào','to call','to call','Also used like a be-verb when introducing someone by name.','Also used like a be-verb when introducing someone by name.',0,1),(8,'什么','什麼','shénme','what','what',NULL,NULL,0,1),(9,'名字','名字','míngzì','name','name',NULL,NULL,0,1),(10,'呢','呢','ne','(question particle)','question particle',NULL,NULL,0,1),(11,'认识','認識','rènshi','to know (someone), to recognise (a person)','to know someone',NULL,NULL,0,1),(12,'很','很','hěn','(adjective linker)','adjective linker','This is used before an adjective.','This is used before an adjective.',0,1),(13,'高兴','高興','gāoxìng','happy, excited','happy',NULL,NULL,0,1),(14,'再见','再見','zàijiàn','See (you) later; See (you) again; Goodbye','See you again',NULL,NULL,0,1),(15,'王明','王明','Wáng Míng','Wang Ming (name)',NULL,'Name in Western order: Ming Wang','Name in Western order: Ming Wang',0,1),(16,'早上','早上','zǎoshàng','morning','morning',NULL,NULL,0,2),(17,'早上好','早上好','zǎoshànghǎo','Good morning','Good morning','Also commonly used as \"Good afternoon\".','Also commonly used as \"Good afternoon\".',0,2),(18,'晚上','晚上','wǎnshàng','evening','evening',NULL,NULL,0,2),(19,'晚上好','晚上好','wǎnshànghǎo','Good evening','Good evening',NULL,NULL,0,2),(20,'对','對','duì','correct, to be correct, to be right','correct',NULL,'',0,2),(21,'不','不','bù','no, not, negative particle','no','Means \"no\" on its own, but when appended to certain words, it can mean \"is not\", among many others.','Means \"no\" on its own, but when appended to certain words, it can mean \"is not\", among many others',0,2),(22,'对不起','對不起','duìbuqǐ','sorry; I\'m sorry','sorry','对 in this phrase means \"towards\", 不 means \"not\" and 起 means “to get up”. Put together, this means “I cannot get up to face towards you.”','對 in this phrase means \"towards\", 不 means \"not\" and 起 means “to get up”. Put together, this means “I cannot get up to face towards you.”',0,2),(23,'关系','關係','guānxi','relationship, to have to do with (someone)','relationship',NULL,NULL,0,2),(24,'没关系','沒關係','méi guānxi','It doesn\'t matter; No problem','It doesn\'t matter','Literally means “No relation”, but is mostly used in response to “对不起”. ','Literally means “No relation”, but is mostly used in response to “對不起”.',0,2),(25,'不客气','不客氣','bùkèqi','You\'re welcome; Don\'t mention it','You\'re welcome','Used after someone says “谢谢”.','Used after someone says “谢谢”.',0,2),(26,'谢谢','謝謝','xièxie','Thanks; Thank you','Thanks',NULL,NULL,0,2),(27,'吗','嗎','ma','(particle for yes or no questions)','yes or no question particle','Appended to the end of the sentence in order to ask a yes or no question.','Appended to the end of the sentence in order to ask a yes or no question.',0,2),(28,'姓','姓','xìng','surname, to be surnamed, to have a surname of','surname',NULL,NULL,0,2),(29,'李华玲','李華玲','Lǐ Huálíng','Li Hualing (name)',NULL,'Name in Western order: Hualing Li','Name in Western order: Hualing Li',0,2),(30,'张小红','張小紅','Zhàng Xiǎohóng','Zhang Xiaohong (name)',NULL,'Name in Western order: Xiaohong Zhang','Name in Western order: Xiaohong Zhang',0,2),(31,'要','要','yào','to want','to want',NULL,NULL,0,3),(32,'米','米','mǐ','uncooked rice','uncooked rice',NULL,NULL,0,3),(33,'饭','飯','fàn','food, meal, cooked rice','meal','While it is also known as cooked rice, it is often used as a term for a general meal','While it is also known as cooked rice, it is often used as a term for a general meal',0,3),(34,'米饭','米飯','mǐfàn','steamed rice, plain (white) rice','steamed rice','Commonly used when one specifies that they ate plain rice or white rice as part of a meal.','Commonly used when one specifies that they ate plain rice or white rice as part of a meal',0,3),(35,'喜欢','喜欢','xǐhuan','to like, to favour, to be fond of','to like',NULL,NULL,0,3),(36,'茶','茶','chá','tea','tea',NULL,NULL,0,3),(37,'豆','豆','dòu','bean (general term)','bean (general term)','Food preferences are better stated in specific terms (for beans, they’re better specified as red beans, green beans, etc.)','Food preferences are better stated in specific terms (for beans, they’re better specified as red beans, green beans, etc.)',0,3),(38,'豆腐','豆腐','dòufǔ','bean curd, tofu','tofu',NULL,NULL,0,3),(39,'水','水','shuǐ','water','water',NULL,NULL,0,3),(40,'粥','粥','zhōu','congee','congee','Congee is a savoury rice-based porridge often eaten in China and other parts of Asia',NULL,1,3),(41,'汤','湯','tāng','soup','soup',NULL,NULL,0,3),(42,'咖啡','咖啡','kāfēi','coffee (loanword)','coffee',NULL,NULL,0,3),(43,'热','熱','rè','hot','hot',NULL,NULL,0,3),(44,'冰','冰','bīng','cold','cold',NULL,NULL,0,3),(45,'是','是','shì','(linking verb; e.g. be, is, are, was, were, etc.)','linking verb','All linking verbs in English translate to this particle, and should not be used when introducing oneself','All linking verbs in English translate to this particle, and should not be used when introducing oneself',1,3),(46,'这','這','zhè','this','this',NULL,NULL,0,3),(47,'那','那','nà','that','that',NULL,NULL,0,3),(48,'的','的','de','(possessive particle)','possessive particle',NULL,NULL,0,3),(49,'和','和','hé','and (for nouns and descriptors)','and','Used for linking nouns and adjectives/modifiers together. Alternatively pronounced as “hán” in Taiwan. ','Used for linking nouns and adjectives/modifiers together. Alternatively pronounced as “hán” in Taiwan. ',0,3),(50,'国','國','guó','land, kingdom, country (general term)','country (general term)',NULL,NULL,0,4),(51,'中国','中國','Zhōngguó','China','China','Literally means “middle kingdom” as the Chinese used to believe their country was located in the middle of the world','Literally means “middle kingdom” as the Chinese used to believe their country was located in the middle of the world',0,4),(52,'美国','美國','Měiguó','United States (of America); USA, America','the United States of America (USA)','Literally means “beautiful kingdom”, 美 was chosen as it sounds similar to the “me-” part of America, 美 also refers to the “beautiful” opportunities of that country at the time','Literally means “beautiful kingdom”, 美 was chosen as it sounds similar to the “me-” part of America, 美 also refers to the “beautiful” opportunities of that country at the time',0,4),(53,'英国','英國','Yīngguó','United Kingdom (UK), England','the United Kingdom','Literally means “hero kingdom”, 英 was chosen as it sounds like the “Eng-” part of England','Literally means “hero kingdom”, 英 was chosen as it sounds like the “Eng-” part of England',0,4),(54,'德国','德國','Déguó','Germany, Deutschland','Germany','Literally means “virtue kingdom”,  德 was chosen as it sounds like the “De-” part of Deutschland','Literally means “virtue kingdom”,  德 was chosen as it sounds like the “De-” part of Deutschland',0,4),(55,'法国','法國','Fǎguó','France','France','Literally means “law kingdom“, 法 was chosen as it roughly sounds like “Fra-” in France','Literally means “law kingdom“, 法 was chosen as it roughly sounds like “Fra-” in France',0,4),(56,'泰国','泰國','Tàiguó','Thailand','Thailand','Literally means “safe kingdom”, 泰 was chosen as it sounds like “Thai-” in Thailand. Thailand is also the “safe” zone for Britain and France during the colonisation era.','Literally means “safe kingdom”, 泰 was chosen as it sounds like “Thai-” in Thailand. Thailand is also the “safe” zone for Britain and France during the colonisation era',0,4),(57,'韩国','韓國','Hánguó','South Korea','South Korea','韩 is the name of an old Korean dynasty; additionally, South Korea is Daehan Minguk in Korean, which is Hanguk/韩国 for short','韓 is the name of an old Korean dynasty; additionally, South Korea is Daehan Minguk in Korean, which is Hanguk/韩国 for short',0,4),(58,'意大利','意大利','Yìdàlì','Italy','Italy',NULL,NULL,0,4),(59,'澳大利亚','澳大利亞','Àodàlìyà','Australia','Australia',NULL,NULL,0,4),(60,'人 ','人 ','rén','person, people','person','Also appended at the end of a country to indicate someone’s nationality (e.g. Chinese is 中国人, German is 德国人, etc.)','Also appended at the end of a country to indicate someone’s nationality (e.g. Chinese is 中国人, German is 德国人, etc.)',0,4),(61,'嗨','嗨','hāi','Hi (loanword)','Hi',NULL,NULL,0,4),(62,'马克','馬克','Mǎkè','Marco (name)',NULL,'Sentence character’s full name: Marco Guidi. Note that similar names like Mark or Marc share this Chinese translation.','Sentence character’s full name: Marco Guidi. Note that similar names like Mark or Marc share this Chinese translation.',0,4),(63,'凯文','凱文','Kǎiwén','Kevin (name)',NULL,'Sentence character’s full name: Kevin Hunt.','Sentence character’s full name: Kevin Hunt.',0,4),(64,'卢 ','盧','Lú','Lou (name)',NULL,'Sentence character’s full name: Lou Arnoux','Sentence character’s full name: Lou Arnoux',0,4),(65,'王大中','王大中','Wàng Dàzhōng','Wang Dazhong (name)',NULL,'Name in Western order: Dazhong Wang','Name in Western order: Dazhong Wang',0,4),(66,'学','學','xué','to study','to study',NULL,NULL,0,5),(67,'学生','學生','xuéshēng','student','student',NULL,NULL,0,5),(68,'医生','醫生','yīshēng','doctor','doctor',NULL,NULL,0,5),(69,'中医','中醫','zhōngyī','traditional Chinese medicine (TCM), traditional Chinese medicine practitioner ','traditional Chinese medicine practitioner','中医 both refers to the study of traditional Chinese medicine (TCM) and the profession, but the formal term for a TCM practitioner is 中医师.','中醫 both refers to the study of traditional Chinese medicine (TCM) and the profession, but the formal term for a TCM practitioner is 中醫師.',0,5),(70,'牙医','牙醫','yáyī ','dentist','dentist','Literally means “tooth doctor”','Literally means “tooth doctor”',0,5),(71,'老师','老師','lǎoshī ','teacher','teacher',NULL,NULL,0,5),(72,'律师','律師','lǜshī','lawyer','lawyer',NULL,NULL,0,5),(73,'厨师','廚師','chúshī ','chef','chef',NULL,NULL,0,5),(74,'家','家','jiā','expert, specialist','expert','Appended to certain job titles to mean someone skilled at that field, e.g. 画家 means “painting expert”','Appended to certain job titles to mean someone skilled at that field, e.g. 畫家 means “painting expert”',0,5),(75,'画家','畫家','huàjiā','painter','painter',NULL,NULL,0,5),(76,'服务员','服務員','fúwùyuán','waiter, waitress, server (food service), service person, service staff, customer service personnel','service person','From 服务 meaning “service” and 员 for “personnel” ','From 服務 meaning “service” and 員 for “personnel” ',0,5),(77,'大','大','dà','big, large','big',NULL,NULL,0,5),(78,'大学','大學','dàxué','university','university','Literally meaning “big school” as it is the highest possible attainable education','Literally meaning “big school” as it is the highest possible attainable education',0,5),(79,'中','中','zhōng','middle, centre','middle',NULL,NULL,0,5),(80,'中学','中學','zhōngxué','middle school, high school, secondary school ','secondary school','Middle school and high school both use this term','iddle school and high school both use this term',0,5),(81,'小','小','xiǎo','small, little','small',NULL,NULL,0,5),(82,'小学','小學','xiǎoxué','elementary, primary school','elementary',NULL,NULL,0,5),(83,'文','文','wén','written language','written language','Also appended to countries to mean that country’s written language, e.g. 英文 means the written English language. In Taiwanese Mandarin, this is also used to refer to language subjects. ','Also appended to countries to mean that country’s written language, e.g. 英文 means the written English language. In Taiwanese Mandarin, this is also used to refer to language subjects. ',0,5),(84,'说','説','shuō','to talk, to speak','to talk',NULL,'',0,5),(85,'语','語','yǔ','spoken language','spoken language','Also appended to countries to mean that country’s spoken language, e.g. 英语 is the spoken English language. In Mainland Mandarin, this is also used to refer to language subjects.','Also appended to countries to mean that country’s spoken language, e.g. 英語 is the spoken English language. In Mainland Mandarin, this is also used to refer to language subjects.',0,5),(86,'汉语','漢語','Hànyǔ','Chinese language (spoken)','spoken Chinese language','Literally means “language of the Han”, Han being the largest ethnic group in China','Literally means “language of the Han”, Han being the largest ethnic group in China',0,5),(87,'日本','日本','Rìběn','Japan, Nippon, Nihon','Japan','Means “origin of the sun” in Chinese (as well as Japanese) as Japan is also known as the “Land of the Rising Sun”','Means “origin of the sun” in Chinese (as well as Japanese) as Japan is also known as the “Land of the Rising Sun”',0,5),(88,'加拿大','加拿大','Jiānádà','Canada','Canada',NULL,NULL,0,5),(89,'学习','學習','xuéxí','to study (formal)','to study (formal)','Often used in more formal situations, but in casual situations, it must be used when the object after it contains 学 (e.g. 我学习数学)','Often used in more formal situations, but in casual situations, it must be used when the object after it contains 學 (e.g. 我學習數學) ',0,6),(90,'跑步','跑步','pǎobù','to run','to run',NULL,NULL,0,6),(91,'网','網','wǎng','net, the network, the Internet','net','This word is used for actual nets or net-like objects, but also means the network and the Internet in modern usage.','This word is used for actual nets or net-like objects, but also means the network and the Internet in modern usage.',0,6),(92,'上网','上網','shàngwǎng','to go online','to go online',NULL,NULL,0,6),(93,'课','課','kè','school class','school class',NULL,NULL,0,6),(94,'上课','上課','shàngkè','to attend class (as student), to teach a class (as teacher)','to attend class',NULL,NULL,0,6),(95,'唱歌','唱歌','chànggē','to sing','to sing',NULL,NULL,0,6),(96,'跳舞','跳舞','tiàowǔ','to dance','to dance',NULL,NULL,0,6),(97,'吃','吃','chī','to eat','to eat',NULL,NULL,0,6),(98,'喝','喝','hē','to drink','to drink',NULL,NULL,0,6),(99,'数学','數學','shùxué','mathematics, math, maths','mathematics',NULL,NULL,0,6),(100,'音乐','音樂','yīnyuè','music','music',NULL,NULL,0,6),(101,'菜','菜','cài','food, cuisine, dish (type of food)','food','Appended at the end of a country to mean a dish or cuisine from that country (e.g. 中国菜 means Chinese food or dish, 日本菜 meaning Japanese food or dish)','Appended at the end of a country to mean a dish or cuisine from that country (e.g. 中國菜 means Chinese food or dish, 日本菜 meaning Japanese food or dish)',0,6),(102,'汉堡包','汉堡包','hànbǎobāo','hamburger (loanword)','hamburger','汉堡 is also another way to write this term.','漢堡 is also another way to write this term.',0,6),(103,'西班牙','西班牙','Xībānyá','Spain, España','Spain',NULL,NULL,0,6),(104,'卢克','盧克','Lúkè','Luke (name)',NULL,'Sentence character’s full name: Luke Wells','Sentence character’s full name: Luke Wells',0,6),(105,'听','聽','tīng','to listen','to listen',NULL,NULL,0,7),(106,'看','看','kàn','to look, to read','to look',NULL,NULL,0,7),(107,'去','去','qù','to go to','to go to',NULL,NULL,0,7),(108,'买','買','mǎi','to buy','to buy',NULL,NULL,0,7),(109,'常常','常常','chángcháng','often','often','The opposite of 常常 is 不常, which means “infrequently”, “rarely” or “not often”. While this is not listed in the vocabulary, it can be good to know for the worksheets, but it may not show up often. ','The opposite of 常常 is 不常, which means “infrequently”, “rarely” or “not often”. While this is not listed in the vocabulary, it can be good to know for the worksheets, but it may not show up often. ',0,7),(110,'书','書','shū','book','book','When using a language-specific modifier next to this word, make sure to use 文 regardless of region. Books of a specific language can be about anything, not just the language’s subject (e.g. Chinese books do not always have to be about the Chinese subject).','When using a language-specific modifier next to this word, make sure to use 文 regardless of region. Books of a specific language can be about anything, not just the language’s subject (e.g. Chinese books do not always have to be about the Chinese subject).',0,7),(111,'店','店','diàn','store','store',NULL,NULL,0,7),(112,'书店','書店','shūdiàn','bookstore, bookshop','bookstore','When using a language-specific modifier next to this word, make sure to use 文 regardless of region. As language-specific bookstores sell books of a certain language, the books can be about anything—not just the language’s subject (e.g. Chinese bookstores sell more than just textbooks, they can sell novels, cookbooks and even comics).','When using a language-specific modifier next to this word, make sure to use 文 regardless of region. As language-specific bookstores sell books of a certain language, the books can be about anything—not just the language’s subject (e.g. Chinese bookstores sell more than just textbooks, they can sell novels, cookbooks and even comics).',0,7),(114,'咖啡店','咖啡店','kāfēidiàn','café','café',NULL,NULL,0,7),(115,'市场','市場','shìchǎng','market (location), market (economics), marketplace','market',NULL,NULL,0,7),(116,'超市','超市','chāoshì','supermarket','supermarket',NULL,NULL,0,7),(117,'饭馆','飯館','fànguǎn','eatery, diner','diner',NULL,NULL,0,7),(118,'茶馆','茶館','cháguǎn','teahouse','teahouse','This refers to traditional Chinese tea houses where one can enjoy some freshly-brewed hot tea and dimsum while sitting down and socialising with others. Depending on the region, patrons can also play traditional games or watch traditional performances while having tea. ','This refers to traditional Chinese tea houses where one can enjoy some freshly-brewed hot tea and dimsum while sitting down and socialising with others. Depending on the region, patrons can also play traditional games or watch traditional performances while having tea. ',0,7),(119,'早饭','早飯','zǎofàn','breakfast','breakfast',NULL,NULL,0,7),(120,'晚饭','晚飯','wǎnfàn','dinner','dinner',NULL,NULL,0,7),(121,'食','食','shí','food (general term)','food (general term)',NULL,NULL,0,7),(122,'零食','零食','língshí','snack','snack',NULL,NULL,0,7),(123,'品','品','pǐn','goods (general term)','goods (general term)',NULL,NULL,0,7),(124,'食品','食品','shípǐn','foodstuff, food product, groceries','food product','食品 refers to the food products like sauces, seasoning, packaged goods or raw ingredients bought at a store. Not to be confused with 菜 (dish), which are already prepared. ','食品 refers to the food products like sauces, seasoning, packaged goods or raw ingredients bought at a store. Not to be confused with 菜 (dish), which are already prepared. ',0,7),(125,'朋友','朋友','péngyou','friend','friend',NULL,NULL,0,7),(126,'玛丽','瑪麗','Mǎlì','Mary (name)',NULL,'Sentence character’s full name: Mary Lindsay.','Sentence character’s full name: Mary Lindsay.',0,7),(127,'玛雅','瑪雅','Mǎyá','Maya (name)',NULL,'Sentence character’s full name: Maya Soto.','Sentence character’s full name: Maya Soto.',0,7),(128,'洲','洲','zhōu','continent','continent',NULL,NULL,1,7),(129,'亚洲','亞洲','Yàzhōu','Asia (continent), Asian continent','Asia (continent)',NULL,NULL,0,7),(130,'也','也','yě','also','also',NULL,NULL,0,8),(131,'真','真','zhēn','true','true',NULL,NULL,0,8),(132,'旅行','旅行','lǚxíng','to travel','to travel',NULL,NULL,0,8),(133,'家','家','jiā','home, family','home',NULL,NULL,0,8),(134,'家人','家人','jiārén','family member','family member',NULL,NULL,0,8),(135,'大家','大家','dàjiā','everyone','everyone',NULL,NULL,0,8),(136,'爸爸','爸爸','bàba','papa, dad, father','father',NULL,NULL,0,8),(137,'妈妈','媽媽','māma','mama, mum, mother','mother',NULL,NULL,0,8),(138,'哥哥','哥哥','gēge','older brother','older brother','Should only be used when you have one older brother. As the Chinese highly value birth order, an older twin brother must be referred to using this term. Additionally, siblings growing up in a Chinese household rarely refer to each other by their real names, unless referred to in third person. Terms for sibling order will be taught in a future lesson.','Should only be used when you have one older brother. As the Chinese highly value birth order, an older twin brother must be referred to using this term. Additionally, siblings growing up in a Chinese household rarely refer to each other by their real names, unless referred to in third person. Terms for sibling order will be taught in a future lesson.',0,8),(139,'弟弟','弟弟','dìdi','younger brother','younger brother','Should only be used when you have one younger brother. As the Chinese highly value birth order, a younger twin brother must be referred to using this term. Additionally, siblings growing up in a Chinese household rarely refer to each other by their real names, unless referred to in third person. Terms for sibling order will be taught in a future lesson.','Should only be used when you have one younger brother. As the Chinese highly value birth order, a younger twin brother must be referred to using this term. Additionally, siblings growing up in a Chinese household rarely refer to each other by their real names, unless referred to in third person. Terms for sibling order will be taught in a future lesson.',0,8),(140,'姐姐','姐姐','jiějie','older sister','older sister','Should only be used when you have one older sister. As the Chinese highly value birth order, an older twin sister must be referred to using this term. Additionally, siblings growing up in a Chinese household rarely refer to each other by their real names, unless referred to in third person. Terms for sibling order will be taught in a future lesson.','Should only be used when you have one older sister. As the Chinese highly value birth order, an older twin sister must be referred to using this term. Additionally, siblings growing up in a Chinese household rarely refer to each other by their real names, unless referred to in third person. Terms for sibling order will be taught in a future lesson.',0,8),(141,'妹妹','妹妹','mèimei','younger sister','younger sister','Should only be used when you have one younger sister. As the Chinese highly value birth order, a younger twin sister must be referred to using this term. Additionally, siblings growing up in a Chinese household rarely refer to each other by their real names, unless referred to in third person. Terms for sibling order will be taught in a future lesson.','Should only be used when you have one younger sister. As the Chinese highly value birth order, a younger twin sister must be referred to using this term. Additionally, siblings growing up in a Chinese household rarely refer to each other by their real names, unless referred to in third person. Terms for sibling order will be taught in a future lesson.',0,8),(142,'爷爷','爺爺','yéye','paternal grandfather, father’s side grandfather, father’s father','paternal grandfather','There are also special terms for referring to your parent’s parents. On the father’s side, each parent has their own unique term that the grandchildren should call them by.','There are also special terms for referring to your parent’s parents. On the father’s side, each parent has their own unique term that the grandchildren should call them by.',0,8),(143,'奶奶','奶奶','nǎinai','paternal grandmother, father’s side grandmother, father’s mother','paternal grandmother','There are also special terms for referring to your parent’s parents. On the father’s side, each parent has their own unique term that the grandchildren should call them by.','There are also special terms for referring to your parent’s parents. On the father’s side, each parent has their own unique term that the grandchildren should call them by.',0,8),(144,'外公','外公','wàigōng','maternal grandfather, mother’s side grandfather, mother’s father','maternal grandfather','In Chinese, the mother’s parents are considered “outsiders”, since after marriage, she “leaves” her parents to become part of her husband’s family. Hence, 外 (outside) is used in this term. ','In Chinese, the mother’s parents are considered “outsiders”, since after marriage, she “leaves” her parents to become part of her husband’s family. Hence, 外 (outside) is used in this term. ',0,8),(145,'外婆','外婆','wàipó','maternal grandmother, mother’s side grandmother, mother’s mother','maternal grandmother','In Chinese, the mother’s parents are considered “outsiders”, since after marriage, she “leaves” her parents to become part of her husband’s family. Hence, 外 (outside) is used in this term. ','In Chinese, the mother’s parents are considered “outsiders”, since after marriage, she “leaves” her parents to become part of her husband’s family. Hence, 外 (outside) is used in this term. ',0,8),(146,'老公','老公','lǎogōng','husband, hubby','husband','While it literally means “old man”, this is a casual, affectionate term for husbands regardless of age. In this situation, “old” means being familiar with someone. The formal term will be introduced in a future lesson.','While it literally means “old man”, this is a casual, affectionate term for husbands regardless of age. In this situation, “old” means being familiar with someone. The formal term will be introduced in a future lesson.',0,8),(147,'老婆','老婆','lǎopó','wife, wifey','wife','While it literally means “old woman”, this is a casual, affectionate term for wives regardless of age. In this situation, “old” means being familiar with someone. The formal term will be introduced in a future lesson.','While it literally means “old woman”, this is a casual, affectionate term for wives regardless of age. In this situation, “old” means being familiar with someone. The formal term will be introduced in a future lesson.',0,8),(148,'儿子','兒子','érzi','son','son',NULL,NULL,0,8),(149,'女儿','女兒','nǚ‘ér','daughter','daughter',NULL,NULL,0,8),(150,'桂迪','桂迪','Guìdí','Guidi (surname)',NULL,NULL,NULL,0,8),(191,'加','加','jiā','to add, to increase (the amount of something)','to add',NULL,NULL,0,9),(192,'糖','糖','táng','sugar','sugar',NULL,NULL,0,9),(193,'牛奶','牛奶','niúnǎi','milk','milk',NULL,NULL,0,8),(194,'杯','杯','bēi','cup','cup',NULL,NULL,0,9),(195,'绿茶','綠茶','lǜchá','green tea','green tea',NULL,NULL,0,9),(196,'奶茶','奶茶','nǎichá','milk tea','milk tea',NULL,NULL,0,9),(197,'茶店','茶店','chádiàn','tea store','tea store','This term refers to the place where one can buy tea products (e.g. tea sets, tea leaves, etc).','This term refers to the place where one can buy tea products (e.g. tea sets, tea leaves, etc).',0,9),(198,'奶茶店','奶茶店','nǎichádiàn','milk tea shop','milk tea shop','Unlike 茶店, this term refers to the modern shops where you can buy tea that is ready to drink. Not only can you buy ready to drink milk tea, you can also buy any tea. This is also different from 茶馆, which refers to the traditional Chinese tea houses. As tea is prevalent in Chinese culture, there are terms that differentiate shops where you can buy teaware and tea products and shops where you buy milk tea.','Unlike 茶店, this term refers to the modern shops where you can buy tea that is ready to drink. Not only can you buy ready to drink milk tea, you can also buy any tea. This is also different from 茶馆, which refers to the traditional Chinese tea houses. As tea is prevalent in Chinese culture, there are terms that differentiate shops where you can buy teaware and tea products and shops where you buy milk tea.',0,9),(199,'一','一','yī','one','one',NULL,NULL,0,9),(200,'两','两','liǎng','two (quantity) ','two (quantity) ','Used when referring to quantities of items. The character referring to the number 2 will be taught in another lesson.','Used when referring to quantities of items. The character referring to the number 2 will be taught in another lesson.',0,9),(201,'三','三','sān','three','three',NULL,NULL,0,9),(202,'超','超','chāo','super (adjective) ','super',NULL,NULL,0,9),(203,'请','請','qǐng','please','please',NULL,NULL,0,9),(204,'给','給','géi','to give','to give','This term is used when someone gives you something. This is also used when you want to order any item. Think of it like you’re asking someone to give you your order.','This term is used when someone gives you something. This is also used when you want to order any item. Think of it like you’re asking someone to give you your order.',0,9),(205,'来','來','lái','to bring (an item), to take (an item)','to bring (an item)','Use this term when asking friends to bring items to you. This should not be used with staff or when asking a friend to bring drinks to someone else other than you.','Use this term when asking friends to bring items to you. This should not be used with staff or when asking a friend to bring drinks to someone else other than you.',0,9),(206,'吧','吧','ba','(particle used in imperative sentences)','imperative sentence particle','Must always be used at the end of imperative sentences so that you do not come off as demanding.','Must always be used at the end of imperative sentences so that you do not come off as demanding.',0,9),(207,'产品','產品','chǎnpǐn','product','product','Not to be confused with 食品, which should be used when referring to food products only. In places like a tea store where they sell both tea ingredients and teaware, use 产品 instead.','Not to be confused with 食品, which should be used when referring to food products only. In places like a tea store where they sell both tea ingredients and teaware, use 產品 instead.',0,9),(208,'哎呀','哎呀','āiyā','Oh no, Oh, Wow, Oops','Oh no','The expression can be used in several situations such as when one is surprised, frustrated, embarrassed or annoyed.','The expression can be used in several situations such as when one is surprised, frustrated, embarrassed or annoyed.',0,9),(209,'阿尔诺','阿爾諾','Ā‘ěrnuò','Arnoux (surname)',NULL,NULL,NULL,0,9),(210,'谢静','謝靜','Xiè Jìng','Xie Jing (name)',NULL,'Name in Western order: Jing Xie','Name in Western order: Jing Xie',0,9),(211,'约翰','約翰','Yuēhàn','Johann (name)',NULL,'Sentence character’s full name: Johann Ries. Note that other names like John share this translation','Sentence character’s full name: Johann Ries. Note that other names like John share this translation',0,9);
/*!40000 ALTER TABLE `vocabulary` ENABLE KEYS */;
UNLOCK TABLES;
/*!40103 SET TIME_ZONE=@OLD_TIME_ZONE */;

/*!40101 SET SQL_MODE=@OLD_SQL_MODE */;
/*!40014 SET FOREIGN_KEY_CHECKS=@OLD_FOREIGN_KEY_CHECKS */;
/*!40014 SET UNIQUE_CHECKS=@OLD_UNIQUE_CHECKS */;
/*!40101 SET CHARACTER_SET_CLIENT=@OLD_CHARACTER_SET_CLIENT */;
/*!40101 SET CHARACTER_SET_RESULTS=@OLD_CHARACTER_SET_RESULTS */;
/*!40101 SET COLLATION_CONNECTION=@OLD_COLLATION_CONNECTION */;
/*!40111 SET SQL_NOTES=@OLD_SQL_NOTES */;

-- Dump completed on 2025-06-08 19:02:49
